tm,ip_total
2010-01-01,79.3
2010-01-02,79.3
2010-01-03,79.3
2010-01-04,79.3
2010-01-05,79.3
2010-01-06,79.3
2010-01-07,79.3
2010-01-08,79.3
2010-01-09,79.3
2010-01-10,79.3
2010-01-11,79.3
2010-01-12,79.3
2010-01-13,79.3
2010-01-14,79.3
2010-01-15,79.3
2010-01-16,79.3
2010-01-17,79.3
2010-01-18,79.3
2010-01-19,79.3
2010-01-20,79.3
2010-01-21,79.3
2010-01-22,79.3
2010-01-23,79.3
2010-01-24,79.3
2010-01-25,79.3
2010-01-26,79.3
2010-01-27,79.3
2010-01-28,79.3
2010-01-29,79.3
2010-01-30,79.3
2010-01-31,79.3
2010-02-01,79.3
2010-02-02,79.3
2010-02-03,79.3
2010-02-04,79.3
2010-02-05,79.3
2010-02-06,79.3
2010-02-07,79.3
2010-02-08,79.3
2010-02-09,79.3
2010-02-10,79.3
2010-02-11,79.3
2010-02-12,79.3
2010-02-13,79.3
2010-02-14,79.3
2010-02-15,79.3
2010-02-16,79.3
2010-02-17,79.3
2010-02-18,79.3
2010-02-19,79.3
2010-02-20,79.3
2010-02-21,79.3
2010-02-22,79.3
2010-02-23,79.3
2010-02-24,79.3
2010-02-25,79.3
2010-02-26,79.3
2010-02-27,79.3
2010-02-28,79.3
2010-03-01,79.3
2010-03-02,79.3
2010-03-03,79.3
2010-03-04,79.3
2010-03-05,79.3
2010-03-06,79.3
2010-03-07,79.3
2010-03-08,79.3
2010-03-09,79.3
2010-03-10,79.3
2010-03-11,79.3
2010-03-12,79.3
2010-03-13,79.3
2010-03-14,79.3
2010-03-15,79.3
2010-03-16,79.3
2010-03-17,79.3
2010-03-18,79.3
2010-03-19,79.3
2010-03-20,79.3
2010-03-21,79.3
2010-03-22,79.3
2010-03-23,79.3
2010-03-24,79.3
2010-03-25,79.3
2010-03-26,79.3
2010-03-27,79.3
2010-03-28,79.3
2010-03-29,79.3
2010-03-30,79.3
2010-03-31,79.3
2010-04-01,77.6
2010-04-02,77.6
2010-04-03,77.6
2010-04-04,77.6
2010-04-05,77.6
2010-04-06,77.6
2010-04-07,77.6
2010-04-08,77.6
2010-04-09,77.6
2010-04-10,77.6
2010-04-11,77.6
2010-04-12,77.6
2010-04-13,77.6
2010-04-14,77.6
2010-04-15,77.6
2010-04-16,77.6
2010-04-17,77.6
2010-04-18,77.6
2010-04-19,77.6
2010-04-20,77.6
2010-04-21,77.6
2010-04-22,77.6
2010-04-23,77.6
2010-04-24,77.6
2010-04-25,77.6
2010-04-26,77.6
2010-04-27,77.6
2010-04-28,77.6
2010-04-29,77.6
2010-04-30,77.6
2010-05-01,87.4
2010-05-02,87.4
2010-05-03,87.4
2010-05-04,87.4
2010-05-05,87.4
2010-05-06,87.4
2010-05-07,87.4
2010-05-08,87.4
2010-05-09,87.4
2010-05-10,87.4
2010-05-11,87.4
2010-05-12,87.4
2010-05-13,87.4
2010-05-14,87.4
2010-05-15,87.4
2010-05-16,87.4
2010-05-17,87.4
2010-05-18,87.4
2010-05-19,87.4
2010-05-20,87.4
2010-05-21,87.4
2010-05-22,87.4
2010-05-23,87.4
2010-05-24,87.4
2010-05-25,87.4
2010-05-26,87.4
2010-05-27,87.4
2010-05-28,87.4
2010-05-29,87.4
2010-05-30,87.4
2010-05-31,87.4
2010-06-01,84.1
2010-06-02,84.1
2010-06-03,84.1
2010-06-04,84.1
2010-06-05,84.1
2010-06-06,84.1
2010-06-07,84.1
2010-06-08,84.1
2010-06-09,84.1
2010-06-10,84.1
2010-06-11,84.1
2010-06-12,84.1
2010-06-13,84.1
2010-06-14,84.1
2010-06-15,84.1
2010-06-16,84.1
2010-06-17,84.1
2010-06-18,84.1
2010-06-19,84.1
2010-06-20,84.1
2010-06-21,84.1
2010-06-22,84.1
2010-06-23,84.1
2010-06-24,84.1
2010-06-25,84.1
2010-06-26,84.1
2010-06-27,84.1
2010-06-28,84.1
2010-06-29,84.1
2010-06-30,84.1
2010-07-01,84.9
2010-07-02,84.9
2010-07-03,84.9
2010-07-04,84.9
2010-07-05,84.9
2010-07-06,84.9
2010-07-07,84.9
2010-07-08,84.9
2010-07-09,84.9
2010-07-10,84.9
2010-07-11,84.9
2010-07-12,84.9
2010-07-13,84.9
2010-07-14,84.9
2010-07-15,84.9
2010-07-16,84.9
2010-07-17,84.9
2010-07-18,84.9
2010-07-19,84.9
2010-07-20,84.9
2010-07-21,84.9
2010-07-22,84.9
2010-07-23,84.9
2010-07-24,84.9
2010-07-25,84.9
2010-07-26,84.9
2010-07-27,84.9
2010-07-28,84.9
2010-07-29,84.9
2010-07-30,84.9
2010-07-31,84.9
2010-08-01,87.5
2010-08-02,87.5
2010-08-03,87.5
2010-08-04,87.5
2010-08-05,87.5
2010-08-06,87.5
2010-08-07,87.5
2010-08-08,87.5
2010-08-09,87.5
2010-08-10,87.5
2010-08-11,87.5
2010-08-12,87.5
2010-08-13,87.5
2010-08-14,87.5
2010-08-15,87.5
2010-08-16,87.5
2010-08-17,87.5
2010-08-18,87.5
2010-08-19,87.5
2010-08-20,87.5
2010-08-21,87.5
2010-08-22,87.5
2010-08-23,87.5
2010-08-24,87.5
2010-08-25,87.5
2010-08-26,87.5
2010-08-27,87.5
2010-08-28,87.5
2010-08-29,87.5
2010-08-30,87.5
2010-08-31,87.5
2010-09-01,84.7
2010-09-02,84.7
2010-09-03,84.7
2010-09-04,84.7
2010-09-05,84.7
2010-09-06,84.7
2010-09-07,84.7
2010-09-08,84.7
2010-09-09,84.7
2010-09-10,84.7
2010-09-11,84.7
2010-09-12,84.7
2010-09-13,84.7
2010-09-14,84.7
2010-09-15,84.7
2010-09-16,84.7
2010-09-17,84.7
2010-09-18,84.7
2010-09-19,84.7
2010-09-20,84.7
2010-09-21,84.7
2010-09-22,84.7
2010-09-23,84.7
2010-09-24,84.7
2010-09-25,84.7
2010-09-26,84.7
2010-09-27,84.7
2010-09-28,84.7
2010-09-29,84.7
2010-09-30,84.7
2010-10-01,81.6
2010-10-02,81.6
2010-10-03,81.6
2010-10-04,81.6
2010-10-05,81.6
2010-10-06,81.6
2010-10-07,81.6
2010-10-08,81.6
2010-10-09,81.6
2010-10-10,81.6
2010-10-11,81.6
2010-10-12,81.6
2010-10-13,81.6
2010-10-14,81.6
2010-10-15,81.6
2010-10-16,81.6
2010-10-17,81.6
2010-10-18,81.6
2010-10-19,81.6
2010-10-20,81.6
2010-10-21,81.6
2010-10-22,81.6
2010-10-23,81.6
2010-10-24,81.6
2010-10-25,81.6
2010-10-26,81.6
2010-10-27,81.6
2010-10-28,81.6
2010-10-29,81.6
2010-10-30,81.6
2010-10-31,81.6
2010-11-01,83.7
2010-11-02,83.7
2010-11-03,83.7
2010-11-04,83.7
2010-11-05,83.7
2010-11-06,83.7
2010-11-07,83.7
2010-11-08,83.7
2010-11-09,83.7
2010-11-10,83.7
2010-11-11,83.7
2010-11-12,83.7
2010-11-13,83.7
2010-11-14,83.7
2010-11-15,83.7
2010-11-16,83.7
2010-11-17,83.7
2010-11-18,83.7
2010-11-19,83.7
2010-11-20,83.7
2010-11-21,83.7
2010-11-22,83.7
2010-11-23,83.7
2010-11-24,83.7
2010-11-25,83.7
2010-11-26,83.7
2010-11-27,83.7
2010-11-28,83.7
2010-11-29,83.7
2010-11-30,83.7
2010-12-01,85.4
2010-12-02,85.4
2010-12-03,85.4
2010-12-04,85.4
2010-12-05,85.4
2010-12-06,85.4
2010-12-07,85.4
2010-12-08,85.4
2010-12-09,85.4
2010-12-10,85.4
2010-12-11,85.4
2010-12-12,85.4
2010-12-13,85.4
2010-12-14,85.4
2010-12-15,85.4
2010-12-16,85.4
2010-12-17,85.4
2010-12-18,85.4
2010-12-19,85.4
2010-12-20,85.4
2010-12-21,85.4
2010-12-22,85.4
2010-12-23,85.4
2010-12-24,85.4
2010-12-25,85.4
2010-12-26,85.4
2010-12-27,85.4
2010-12-28,85.4
2010-12-29,85.4
2010-12-30,85.4
2010-12-31,85.4
2011-01-01,86.1
2011-01-02,86.1
2011-01-03,86.1
2011-01-04,86.1
2011-01-05,86.1
2011-01-06,86.1
2011-01-07,86.1
2011-01-08,86.1
2011-01-09,86.1
2011-01-10,86.1
2011-01-11,86.1
2011-01-12,86.1
2011-01-13,86.1
2011-01-14,86.1
2011-01-15,86.1
2011-01-16,86.1
2011-01-17,86.1
2011-01-18,86.1
2011-01-19,86.1
2011-01-20,86.1
2011-01-21,86.1
2011-01-22,86.1
2011-01-23,86.1
2011-01-24,86.1
2011-01-25,86.1
2011-01-26,86.1
2011-01-27,86.1
2011-01-28,86.1
2011-01-29,86.1
2011-01-30,86.1
2011-01-31,86.1
2011-02-01,95.0
2011-02-02,95.0
2011-02-03,95.0
2011-02-04,95.0
2011-02-05,95.0
2011-02-06,95.0
2011-02-07,95.0
2011-02-08,95.0
2011-02-09,95.0
2011-02-10,95.0
2011-02-11,95.0
2011-02-12,95.0
2011-02-13,95.0
2011-02-14,95.0
2011-02-15,95.0
2011-02-16,95.0
2011-02-17,95.0
2011-02-18,95.0
2011-02-19,95.0
2011-02-20,95.0
2011-02-21,95.0
2011-02-22,95.0
2011-02-23,95.0
2011-02-24,95.0
2011-02-25,95.0
2011-02-26,95.0
2011-02-27,95.0
2011-02-28,95.0
2011-03-01,85.9
2011-03-02,85.9
2011-03-03,85.9
2011-03-04,85.9
2011-03-05,85.9
2011-03-06,85.9
2011-03-07,85.9
2011-03-08,85.9
2011-03-09,85.9
2011-03-10,85.9
2011-03-11,85.9
2011-03-12,85.9
2011-03-13,85.9
2011-03-14,85.9
2011-03-15,85.9
2011-03-16,85.9
2011-03-17,85.9
2011-03-18,85.9
2011-03-19,85.9
2011-03-20,85.9
2011-03-21,85.9
2011-03-22,85.9
2011-03-23,85.9
2011-03-24,85.9
2011-03-25,85.9
2011-03-26,85.9
2011-03-27,85.9
2011-03-28,85.9
2011-03-29,85.9
2011-03-30,85.9
2011-03-31,85.9
2011-04-01,77.3
2011-04-02,77.3
2011-04-03,77.3
2011-04-04,77.3
2011-04-05,77.3
2011-04-06,77.3
2011-04-07,77.3
2011-04-08,77.3
2011-04-09,77.3
2011-04-10,77.3
2011-04-11,77.3
2011-04-12,77.3
2011-04-13,77.3
2011-04-14,77.3
2011-04-15,77.3
2011-04-16,77.3
2011-04-17,77.3
2011-04-18,77.3
2011-04-19,77.3
2011-04-20,77.3
2011-04-21,77.3
2011-04-22,77.3
2011-04-23,77.3
2011-04-24,77.3
2011-04-25,77.3
2011-04-26,77.3
2011-04-27,77.3
2011-04-28,77.3
2011-04-29,77.3
2011-04-30,77.3
2011-05-01,90.8
2011-05-02,90.8
2011-05-03,90.8
2011-05-04,90.8
2011-05-05,90.8
2011-05-06,90.8
2011-05-07,90.8
2011-05-08,90.8
2011-05-09,90.8
2011-05-10,90.8
2011-05-11,90.8
2011-05-12,90.8
2011-05-13,90.8
2011-05-14,90.8
2011-05-15,90.8
2011-05-16,90.8
2011-05-17,90.8
2011-05-18,90.8
2011-05-19,90.8
2011-05-20,90.8
2011-05-21,90.8
2011-05-22,90.8
2011-05-23,90.8
2011-05-24,90.8
2011-05-25,90.8
2011-05-26,90.8
2011-05-27,90.8
2011-05-28,90.8
2011-05-29,90.8
2011-05-30,90.8
2011-05-31,90.8
2011-06-01,86.7
2011-06-02,86.7
2011-06-03,86.7
2011-06-04,86.7
2011-06-05,86.7
2011-06-06,86.7
2011-06-07,86.7
2011-06-08,86.7
2011-06-09,86.7
2011-06-10,86.7
2011-06-11,86.7
2011-06-12,86.7
2011-06-13,86.7
2011-06-14,86.7
2011-06-15,86.7
2011-06-16,86.7
2011-06-17,86.7
2011-06-18,86.7
2011-06-19,86.7
2011-06-20,86.7
2011-06-21,86.7
2011-06-22,86.7
2011-06-23,86.7
2011-06-24,86.7
2011-06-25,86.7
2011-06-26,86.7
2011-06-27,86.7
2011-06-28,86.7
2011-06-29,86.7
2011-06-30,86.7
2011-07-01,87.3
2011-07-02,87.3
2011-07-03,87.3
2011-07-04,87.3
2011-07-05,87.3
2011-07-06,87.3
2011-07-07,87.3
2011-07-08,87.3
2011-07-09,87.3
2011-07-10,87.3
2011-07-11,87.3
2011-07-12,87.3
2011-07-13,87.3
2011-07-14,87.3
2011-07-15,87.3
2011-07-16,87.3
2011-07-17,87.3
2011-07-18,87.3
2011-07-19,87.3
2011-07-20,87.3
2011-07-21,87.3
2011-07-22,87.3
2011-07-23,87.3
2011-07-24,87.3
2011-07-25,87.3
2011-07-26,87.3
2011-07-27,87.3
2011-07-28,87.3
2011-07-29,87.3
2011-07-30,87.3
2011-07-31,87.3
2011-08-01,90.2
2011-08-02,90.2
2011-08-03,90.2
2011-08-04,90.2
2011-08-05,90.2
2011-08-06,90.2
2011-08-07,90.2
2011-08-08,90.2
2011-08-09,90.2
2011-08-10,90.2
2011-08-11,90.2
2011-08-12,90.2
2011-08-13,90.2
2011-08-14,90.2
2011-08-15,90.2
2011-08-16,90.2
2011-08-17,90.2
2011-08-18,90.2
2011-08-19,90.2
2011-08-20,90.2
2011-08-21,90.2
2011-08-22,90.2
2011-08-23,90.2
2011-08-24,90.2
2011-08-25,90.2
2011-08-26,90.2
2011-08-27,90.2
2011-08-28,90.2
2011-08-29,90.2
2011-08-30,90.2
2011-08-31,90.2
2011-09-01,86.8
2011-09-02,86.8
2011-09-03,86.8
2011-09-04,86.8
2011-09-05,86.8
2011-09-06,86.8
2011-09-07,86.8
2011-09-08,86.8
2011-09-09,86.8
2011-09-10,86.8
2011-09-11,86.8
2011-09-12,86.8
2011-09-13,86.8
2011-09-14,86.8
2011-09-15,86.8
2011-09-16,86.8
2011-09-17,86.8
2011-09-18,86.8
2011-09-19,86.8
2011-09-20,86.8
2011-09-21,86.8
2011-09-22,86.8
2011-09-23,86.8
2011-09-24,86.8
2011-09-25,86.8
2011-09-26,86.8
2011-09-27,86.8
2011-09-28,86.8
2011-09-29,86.8
2011-09-30,86.8
2011-10-01,84.8
2011-10-02,84.8
2011-10-03,84.8
2011-10-04,84.8
2011-10-05,84.8
2011-10-06,84.8
2011-10-07,84.8
2011-10-08,84.8
2011-10-09,84.8
2011-10-10,84.8
2011-10-11,84.8
2011-10-12,84.8
2011-10-13,84.8
2011-10-14,84.8
2011-10-15,84.8
2011-10-16,84.8
2011-10-17,84.8
2011-10-18,84.8
2011-10-19,84.8
2011-10-20,84.8
2011-10-21,84.8
2011-10-22,84.8
2011-10-23,84.8
2011-10-24,84.8
2011-10-25,84.8
2011-10-26,84.8
2011-10-27,84.8
2011-10-28,84.8
2011-10-29,84.8
2011-10-30,84.8
2011-10-31,84.8
2011-11-01,87.8
2011-11-02,87.8
2011-11-03,87.8
2011-11-04,87.8
2011-11-05,87.8
2011-11-06,87.8
2011-11-07,87.8
2011-11-08,87.8
2011-11-09,87.8
2011-11-10,87.8
2011-11-11,87.8
2011-11-12,87.8
2011-11-13,87.8
2011-11-14,87.8
2011-11-15,87.8
2011-11-16,87.8
2011-11-17,87.8
2011-11-18,87.8
2011-11-19,87.8
2011-11-20,87.8
2011-11-21,87.8
2011-11-22,87.8
2011-11-23,87.8
2011-11-24,87.8
2011-11-25,87.8
2011-11-26,87.8
2011-11-27,87.8
2011-11-28,87.8
2011-11-29,87.8
2011-11-30,87.8
2011-12-01,88.4
2011-12-02,88.4
2011-12-03,88.4
2011-12-04,88.4
2011-12-05,88.4
2011-12-06,88.4
2011-12-07,88.4
2011-12-08,88.4
2011-12-09,88.4
2011-12-10,88.4
2011-12-11,88.4
2011-12-12,88.4
2011-12-13,88.4
2011-12-14,88.4
2011-12-15,88.4
2011-12-16,88.4
2011-12-17,88.4
2011-12-18,88.4
2011-12-19,88.4
2011-12-20,88.4
2011-12-21,88.4
2011-12-22,88.4
2011-12-23,88.4
2011-12-24,88.4
2011-12-25,88.4
2011-12-26,88.4
2011-12-27,88.4
2011-12-28,88.4
2011-12-29,88.4
2011-12-30,88.4
2011-12-31,88.4
2012-01-01,88.4
2012-01-02,88.4
2012-01-03,88.4
2012-01-04,88.4
2012-01-05,88.4
2012-01-06,88.4
2012-01-07,88.4
2012-01-08,88.4
2012-01-09,88.4
2012-01-10,88.4
2012-01-11,88.4
2012-01-12,88.4
2012-01-13,88.4
2012-01-14,88.4
2012-01-15,88.4
2012-01-16,88.4
2012-01-17,88.4
2012-01-18,88.4
2012-01-19,88.4
2012-01-20,88.4
2012-01-21,88.4
2012-01-22,88.4
2012-01-23,88.4
2012-01-24,88.4
2012-01-25,88.4
2012-01-26,88.4
2012-01-27,88.4
2012-01-28,88.4
2012-01-29,88.4
2012-01-30,88.4
2012-01-31,88.4
2012-02-01,96.6
2012-02-02,96.6
2012-02-03,96.6
2012-02-04,96.6
2012-02-05,96.6
2012-02-06,96.6
2012-02-07,96.6
2012-02-08,96.6
2012-02-09,96.6
2012-02-10,96.6
2012-02-11,96.6
2012-02-12,96.6
2012-02-13,96.6
2012-02-14,96.6
2012-02-15,96.6
2012-02-16,96.6
2012-02-17,96.6
2012-02-18,96.6
2012-02-19,96.6
2012-02-20,96.6
2012-02-21,96.6
2012-02-22,96.6
2012-02-23,96.6
2012-02-24,96.6
2012-02-25,96.6
2012-02-26,96.6
2012-02-27,96.6
2012-02-28,96.6
2012-02-29,96.6
2012-03-01,84.7
2012-03-02,84.7
2012-03-03,84.7
2012-03-04,84.7
2012-03-05,84.7
2012-03-06,84.7
2012-03-07,84.7
2012-03-08,84.7
2012-03-09,84.7
2012-03-10,84.7
2012-03-11,84.7
2012-03-12,84.7
2012-03-13,84.7
2012-03-14,84.7
2012-03-15,84.7
2012-03-16,84.7
2012-03-17,84.7
2012-03-18,84.7
2012-03-19,84.7
2012-03-20,84.7
2012-03-21,84.7
2012-03-22,84.7
2012-03-23,84.7
2012-03-24,84.7
2012-03-25,84.7
2012-03-26,84.7
2012-03-27,84.7
2012-03-28,84.7
2012-03-29,84.7
2012-03-30,84.7
2012-03-31,84.7
2012-04-01,84.6
2012-04-02,84.6
2012-04-03,84.6
2012-04-04,84.6
2012-04-05,84.6
2012-04-06,84.6
2012-04-07,84.6
2012-04-08,84.6
2012-04-09,84.6
2012-04-10,84.6
2012-04-11,84.6
2012-04-12,84.6
2012-04-13,84.6
2012-04-14,84.6
2012-04-15,84.6
2012-04-16,84.6
2012-04-17,84.6
2012-04-18,84.6
2012-04-19,84.6
2012-04-20,84.6
2012-04-21,84.6
2012-04-22,84.6
2012-04-23,84.6
2012-04-24,84.6
2012-04-25,84.6
2012-04-26,84.6
2012-04-27,84.6
2012-04-28,84.6
2012-04-29,84.6
2012-04-30,84.6
2012-05-01,91.5
2012-05-02,91.5
2012-05-03,91.5
2012-05-04,91.5
2012-05-05,91.5
2012-05-06,91.5
2012-05-07,91.5
2012-05-08,91.5
2012-05-09,91.5
2012-05-10,91.5
2012-05-11,91.5
2012-05-12,91.5
2012-05-13,91.5
2012-05-14,91.5
2012-05-15,91.5
2012-05-16,91.5
2012-05-17,91.5
2012-05-18,91.5
2012-05-19,91.5
2012-05-20,91.5
2012-05-21,91.5
2012-05-22,91.5
2012-05-23,91.5
2012-05-24,91.5
2012-05-25,91.5
2012-05-26,91.5
2012-05-27,91.5
2012-05-28,91.5
2012-05-29,91.5
2012-05-30,91.5
2012-05-31,91.5
2012-06-01,86.6
2012-06-02,86.6
2012-06-03,86.6
2012-06-04,86.6
2012-06-05,86.6
2012-06-06,86.6
2012-06-07,86.6
2012-06-08,86.6
2012-06-09,86.6
2012-06-10,86.6
2012-06-11,86.6
2012-06-12,86.6
2012-06-13,86.6
2012-06-14,86.6
2012-06-15,86.6
2012-06-16,86.6
2012-06-17,86.6
2012-06-18,86.6
2012-06-19,86.6
2012-06-20,86.6
2012-06-21,86.6
2012-06-22,86.6
2012-06-23,86.6
2012-06-24,86.6
2012-06-25,86.6
2012-06-26,86.6
2012-06-27,86.6
2012-06-28,86.6
2012-06-29,86.6
2012-06-30,86.6
2012-07-01,89.4
2012-07-02,89.4
2012-07-03,89.4
2012-07-04,89.4
2012-07-05,89.4
2012-07-06,89.4
2012-07-07,89.4
2012-07-08,89.4
2012-07-09,89.4
2012-07-10,89.4
2012-07-11,89.4
2012-07-12,89.4
2012-07-13,89.4
2012-07-14,89.4
2012-07-15,89.4
2012-07-16,89.4
2012-07-17,89.4
2012-07-18,89.4
2012-07-19,89.4
2012-07-20,89.4
2012-07-21,89.4
2012-07-22,89.4
2012-07-23,89.4
2012-07-24,89.4
2012-07-25,89.4
2012-07-26,89.4
2012-07-27,89.4
2012-07-28,89.4
2012-07-29,89.4
2012-07-30,89.4
2012-07-31,89.4
2012-08-01,90.3
2012-08-02,90.3
2012-08-03,90.3
2012-08-04,90.3
2012-08-05,90.3
2012-08-06,90.3
2012-08-07,90.3
2012-08-08,90.3
2012-08-09,90.3
2012-08-10,90.3
2012-08-11,90.3
2012-08-12,90.3
2012-08-13,90.3
2012-08-14,90.3
2012-08-15,90.3
2012-08-16,90.3
2012-08-17,90.3
2012-08-18,90.3
2012-08-19,90.3
2012-08-20,90.3
2012-08-21,90.3
2012-08-22,90.3
2012-08-23,90.3
2012-08-24,90.3
2012-08-25,90.3
2012-08-26,90.3
2012-08-27,90.3
2012-08-28,90.3
2012-08-29,90.3
2012-08-30,90.3
2012-08-31,90.3
2012-09-01,88.2
2012-09-02,88.2
2012-09-03,88.2
2012-09-04,88.2
2012-09-05,88.2
2012-09-06,88.2
2012-09-07,88.2
2012-09-08,88.2
2012-09-09,88.2
2012-09-10,88.2
2012-09-11,88.2
2012-09-12,88.2
2012-09-13,88.2
2012-09-14,88.2
2012-09-15,88.2
2012-09-16,88.2
2012-09-17,88.2
2012-09-18,88.2
2012-09-19,88.2
2012-09-20,88.2
2012-09-21,88.2
2012-09-22,88.2
2012-09-23,88.2
2012-09-24,88.2
2012-09-25,88.2
2012-09-26,88.2
2012-09-27,88.2
2012-09-28,88.2
2012-09-29,88.2
2012-09-30,88.2
2012-10-01,84.7
2012-10-02,84.7
2012-10-03,84.7
2012-10-04,84.7
2012-10-05,84.7
2012-10-06,84.7
2012-10-07,84.7
2012-10-08,84.7
2012-10-09,84.7
2012-10-10,84.7
2012-10-11,84.7
2012-10-12,84.7
2012-10-13,84.7
2012-10-14,84.7
2012-10-15,84.7
2012-10-16,84.7
2012-10-17,84.7
2012-10-18,84.7
2012-10-19,84.7
2012-10-20,84.7
2012-10-21,84.7
2012-10-22,84.7
2012-10-23,84.7
2012-10-24,84.7
2012-10-25,84.7
2012-10-26,84.7
2012-10-27,84.7
2012-10-28,84.7
2012-10-29,84.7
2012-10-30,84.7
2012-10-31,84.7
2012-11-01,89.0
2012-11-02,89.0
2012-11-03,89.0
2012-11-04,89.0
2012-11-05,89.0
2012-11-06,89.0
2012-11-07,89.0
2012-11-08,89.0
2012-11-09,89.0
2012-11-10,89.0
2012-11-11,89.0
2012-11-12,89.0
2012-11-13,89.0
2012-11-14,89.0
2012-11-15,89.0
2012-11-16,89.0
2012-11-17,89.0
2012-11-18,89.0
2012-11-19,89.0
2012-11-20,89.0
2012-11-21,89.0
2012-11-22,89.0
2012-11-23,89.0
2012-11-24,89.0
2012-11-25,89.0
2012-11-26,89.0
2012-11-27,89.0
2012-11-28,89.0
2012-11-29,89.0
2012-11-30,89.0
2012-12-01,88.0
2012-12-02,88.0
2012-12-03,88.0
2012-12-04,88.0
2012-12-05,88.0
2012-12-06,88.0
2012-12-07,88.0
2012-12-08,88.0
2012-12-09,88.0
2012-12-10,88.0
2012-12-11,88.0
2012-12-12,88.0
2012-12-13,88.0
2012-12-14,88.0
2012-12-15,88.0
2012-12-16,88.0
2012-12-17,88.0
2012-12-18,88.0
2012-12-19,88.0
2012-12-20,88.0
2012-12-21,88.0
2012-12-22,88.0
2012-12-23,88.0
2012-12-24,88.0
2012-12-25,88.0
2012-12-26,88.0
2012-12-27,88.0
2012-12-28,88.0
2012-12-29,88.0
2012-12-30,88.0
2012-12-31,88.0
2013-01-01,90.2
2013-01-02,90.2
2013-01-03,90.2
2013-01-04,90.2
2013-01-05,90.2
2013-01-06,90.2
2013-01-07,90.2
2013-01-08,90.2
2013-01-09,90.2
2013-01-10,90.2
2013-01-11,90.2
2013-01-12,90.2
2013-01-13,90.2
2013-01-14,90.2
2013-01-15,90.2
2013-01-16,90.2
2013-01-17,90.2
2013-01-18,90.2
2013-01-19,90.2
2013-01-20,90.2
2013-01-21,90.2
2013-01-22,90.2
2013-01-23,90.2
2013-01-24,90.2
2013-01-25,90.2
2013-01-26,90.2
2013-01-27,90.2
2013-01-28,90.2
2013-01-29,90.2
2013-01-30,90.2
2013-01-31,90.2
2013-02-01,96.6
2013-02-02,96.6
2013-02-03,96.6
2013-02-04,96.6
2013-02-05,96.6
2013-02-06,96.6
2013-02-07,96.6
2013-02-08,96.6
2013-02-09,96.6
2013-02-10,96.6
2013-02-11,96.6
2013-02-12,96.6
2013-02-13,96.6
2013-02-14,96.6
2013-02-15,96.6
2013-02-16,96.6
2013-02-17,96.6
2013-02-18,96.6
2013-02-19,96.6
2013-02-20,96.6
2013-02-21,96.6
2013-02-22,96.6
2013-02-23,96.6
2013-02-24,96.6
2013-02-25,96.6
2013-02-26,96.6
2013-02-27,96.6
2013-02-28,96.6
2013-03-01,88.0
2013-03-02,88.0
2013-03-03,88.0
2013-03-04,88.0
2013-03-05,88.0
2013-03-06,88.0
2013-03-07,88.0
2013-03-08,88.0
2013-03-09,88.0
2013-03-10,88.0
2013-03-11,88.0
2013-03-12,88.0
2013-03-13,88.0
2013-03-14,88.0
2013-03-15,88.0
2013-03-16,88.0
2013-03-17,88.0
2013-03-18,88.0
2013-03-19,88.0
2013-03-20,88.0
2013-03-21,88.0
2013-03-22,88.0
2013-03-23,88.0
2013-03-24,88.0
2013-03-25,88.0
2013-03-26,88.0
2013-03-27,88.0
2013-03-28,88.0
2013-03-29,88.0
2013-03-30,88.0
2013-03-31,88.0
2013-04-01,83.5
2013-04-02,83.5
2013-04-03,83.5
2013-04-04,83.5
2013-04-05,83.5
2013-04-06,83.5
2013-04-07,83.5
2013-04-08,83.5
2013-04-09,83.5
2013-04-10,83.5
2013-04-11,83.5
2013-04-12,83.5
2013-04-13,83.5
2013-04-14,83.5
2013-04-15,83.5
2013-04-16,83.5
2013-04-17,83.5
2013-04-18,83.5
2013-04-19,83.5
2013-04-20,83.5
2013-04-21,83.5
2013-04-22,83.5
2013-04-23,83.5
2013-04-24,83.5
2013-04-25,83.5
2013-04-26,83.5
2013-04-27,83.5
2013-04-28,83.5
2013-04-29,83.5
2013-04-30,83.5
2013-05-01,91.1
2013-05-02,91.1
2013-05-03,91.1
2013-05-04,91.1
2013-05-05,91.1
2013-05-06,91.1
2013-05-07,91.1
2013-05-08,91.1
2013-05-09,91.1
2013-05-10,91.1
2013-05-11,91.1
2013-05-12,91.1
2013-05-13,91.1
2013-05-14,91.1
2013-05-15,91.1
2013-05-16,91.1
2013-05-17,91.1
2013-05-18,91.1
2013-05-19,91.1
2013-05-20,91.1
2013-05-21,91.1
2013-05-22,91.1
2013-05-23,91.1
2013-05-24,91.1
2013-05-25,91.1
2013-05-26,91.1
2013-05-27,91.1
2013-05-28,91.1
2013-05-29,91.1
2013-05-30,91.1
2013-05-31,91.1
2013-06-01,90.1
2013-06-02,90.1
2013-06-03,90.1
2013-06-04,90.1
2013-06-05,90.1
2013-06-06,90.1
2013-06-07,90.1
2013-06-08,90.1
2013-06-09,90.1
2013-06-10,90.1
2013-06-11,90.1
2013-06-12,90.1
2013-06-13,90.1
2013-06-14,90.1
2013-06-15,90.1
2013-06-16,90.1
2013-06-17,90.1
2013-06-18,90.1
2013-06-19,90.1
2013-06-20,90.1
2013-06-21,90.1
2013-06-22,90.1
2013-06-23,90.1
2013-06-24,90.1
2013-06-25,90.1
2013-06-26,90.1
2013-06-27,90.1
2013-06-28,90.1
2013-06-29,90.1
2013-06-30,90.1
2013-07-01,90.9
2013-07-02,90.9
2013-07-03,90.9
2013-07-04,90.9
2013-07-05,90.9
2013-07-06,90.9
2013-07-07,90.9
2013-07-08,90.9
2013-07-09,90.9
2013-07-10,90.9
2013-07-11,90.9
2013-07-12,90.9
2013-07-13,90.9
2013-07-14,90.9
2013-07-15,90.9
2013-07-16,90.9
2013-07-17,90.9
2013-07-18,90.9
2013-07-19,90.9
2013-07-20,90.9
2013-07-21,90.9
2013-07-22,90.9
2013-07-23,90.9
2013-07-24,90.9
2013-07-25,90.9
2013-07-26,90.9
2013-07-27,90.9
2013-07-28,90.9
2013-07-29,90.9
2013-07-30,90.9
2013-07-31,90.9
2013-08-01,91.0
2013-08-02,91.0
2013-08-03,91.0
2013-08-04,91.0
2013-08-05,91.0
2013-08-06,91.0
2013-08-07,91.0
2013-08-08,91.0
2013-08-09,91.0
2013-08-10,91.0
2013-08-11,91.0
2013-08-12,91.0
2013-08-13,91.0
2013-08-14,91.0
2013-08-15,91.0
2013-08-16,91.0
2013-08-17,91.0
2013-08-18,91.0
2013-08-19,91.0
2013-08-20,91.0
2013-08-21,91.0
2013-08-22,91.0
2013-08-23,91.0
2013-08-24,91.0
2013-08-25,91.0
2013-08-26,91.0
2013-08-27,91.0
2013-08-28,91.0
2013-08-29,91.0
2013-08-30,91.0
2013-08-31,91.0
2013-09-01,89.7
2013-09-02,89.7
2013-09-03,89.7
2013-09-04,89.7
2013-09-05,89.7
2013-09-06,89.7
2013-09-07,89.7
2013-09-08,89.7
2013-09-09,89.7
2013-09-10,89.7
2013-09-11,89.7
2013-09-12,89.7
2013-09-13,89.7
2013-09-14,89.7
2013-09-15,89.7
2013-09-16,89.7
2013-09-17,89.7
2013-09-18,89.7
2013-09-19,89.7
2013-09-20,89.7
2013-09-21,89.7
2013-09-22,89.7
2013-09-23,89.7
2013-09-24,89.7
2013-09-25,89.7
2013-09-26,89.7
2013-09-27,89.7
2013-09-28,89.7
2013-09-29,89.7
2013-09-30,89.7
2013-10-01,87.4
2013-10-02,87.4
2013-10-03,87.4
2013-10-04,87.4
2013-10-05,87.4
2013-10-06,87.4
2013-10-07,87.4
2013-10-08,87.4
2013-10-09,87.4
2013-10-10,87.4
2013-10-11,87.4
2013-10-12,87.4
2013-10-13,87.4
2013-10-14,87.4
2013-10-15,87.4
2013-10-16,87.4
2013-10-17,87.4
2013-10-18,87.4
2013-10-19,87.4
2013-10-20,87.4
2013-10-21,87.4
2013-10-22,87.4
2013-10-23,87.4
2013-10-24,87.4
2013-10-25,87.4
2013-10-26,87.4
2013-10-27,87.4
2013-10-28,87.4
2013-10-29,87.4
2013-10-30,87.4
2013-10-31,87.4
2013-11-01,88.1
2013-11-02,88.1
2013-11-03,88.1
2013-11-04,88.1
2013-11-05,88.1
2013-11-06,88.1
2013-11-07,88.1
2013-11-08,88.1
2013-11-09,88.1
2013-11-10,88.1
2013-11-11,88.1
2013-11-12,88.1
2013-11-13,88.1
2013-11-14,88.1
2013-11-15,88.1
2013-11-16,88.1
2013-11-17,88.1
2013-11-18,88.1
2013-11-19,88.1
2013-11-20,88.1
2013-11-21,88.1
2013-11-22,88.1
2013-11-23,88.1
2013-11-24,88.1
2013-11-25,88.1
2013-11-26,88.1
2013-11-27,88.1
2013-11-28,88.1
2013-11-29,88.1
2013-11-30,88.1
2013-12-01,91.9
2013-12-02,91.9
2013-12-03,91.9
2013-12-04,91.9
2013-12-05,91.9
2013-12-06,91.9
2013-12-07,91.9
2013-12-08,91.9
2013-12-09,91.9
2013-12-10,91.9
2013-12-11,91.9
2013-12-12,91.9
2013-12-13,91.9
2013-12-14,91.9
2013-12-15,91.9
2013-12-16,91.9
2013-12-17,91.9
2013-12-18,91.9
2013-12-19,91.9
2013-12-20,91.9
2013-12-21,91.9
2013-12-22,91.9
2013-12-23,91.9
2013-12-24,91.9
2013-12-25,91.9
2013-12-26,91.9
2013-12-27,91.9
2013-12-28,91.9
2013-12-29,91.9
2013-12-30,91.9
2013-12-31,91.9
2014-01-01,91.6
2014-01-02,91.6
2014-01-03,91.6
2014-01-04,91.6
2014-01-05,91.6
2014-01-06,91.6
2014-01-07,91.6
2014-01-08,91.6
2014-01-09,91.6
2014-01-10,91.6
2014-01-11,91.6
2014-01-12,91.6
2014-01-13,91.6
2014-01-14,91.6
2014-01-15,91.6
2014-01-16,91.6
2014-01-17,91.6
2014-01-18,91.6
2014-01-19,91.6
2014-01-20,91.6
2014-01-21,91.6
2014-01-22,91.6
2014-01-23,91.6
2014-01-24,91.6
2014-01-25,91.6
2014-01-26,91.6
2014-01-27,91.6
2014-01-28,91.6
2014-01-29,91.6
2014-01-30,91.6
2014-01-31,91.6
2014-02-01,98.7
2014-02-02,98.7
2014-02-03,98.7
2014-02-04,98.7
2014-02-05,98.7
2014-02-06,98.7
2014-02-07,98.7
2014-02-08,98.7
2014-02-09,98.7
2014-02-10,98.7
2014-02-11,98.7
2014-02-12,98.7
2014-02-13,98.7
2014-02-14,98.7
2014-02-15,98.7
2014-02-16,98.7
2014-02-17,98.7
2014-02-18,98.7
2014-02-19,98.7
2014-02-20,98.7
2014-02-21,98.7
2014-02-22,98.7
2014-02-23,98.7
2014-02-24,98.7
2014-02-25,98.7
2014-02-26,98.7
2014-02-27,98.7
2014-02-28,98.7
2014-03-01,89.0
2014-03-02,89.0
2014-03-03,89.0
2014-03-04,89.0
2014-03-05,89.0
2014-03-06,89.0
2014-03-07,89.0
2014-03-08,89.0
2014-03-09,89.0
2014-03-10,89.0
2014-03-11,89.0
2014-03-12,89.0
2014-03-13,89.0
2014-03-14,89.0
2014-03-15,89.0
2014-03-16,89.0
2014-03-17,89.0
2014-03-18,89.0
2014-03-19,89.0
2014-03-20,89.0
2014-03-21,89.0
2014-03-22,89.0
2014-03-23,89.0
2014-03-24,89.0
2014-03-25,89.0
2014-03-26,89.0
2014-03-27,89.0
2014-03-28,89.0
2014-03-29,89.0
2014-03-30,89.0
2014-03-31,89.0
2014-04-01,85.0
2014-04-02,85.0
2014-04-03,85.0
2014-04-04,85.0
2014-04-05,85.0
2014-04-06,85.0
2014-04-07,85.0
2014-04-08,85.0
2014-04-09,85.0
2014-04-10,85.0
2014-04-11,85.0
2014-04-12,85.0
2014-04-13,85.0
2014-04-14,85.0
2014-04-15,85.0
2014-04-16,85.0
2014-04-17,85.0
2014-04-18,85.0
2014-04-19,85.0
2014-04-20,85.0
2014-04-21,85.0
2014-04-22,85.0
2014-04-23,85.0
2014-04-24,85.0
2014-04-25,85.0
2014-04-26,85.0
2014-04-27,85.0
2014-04-28,85.0
2014-04-29,85.0
2014-04-30,85.0
2014-05-01,93.7
2014-05-02,93.7
2014-05-03,93.7
2014-05-04,93.7
2014-05-05,93.7
2014-05-06,93.7
2014-05-07,93.7
2014-05-08,93.7
2014-05-09,93.7
2014-05-10,93.7
2014-05-11,93.7
2014-05-12,93.7
2014-05-13,93.7
2014-05-14,93.7
2014-05-15,93.7
2014-05-16,93.7
2014-05-17,93.7
2014-05-18,93.7
2014-05-19,93.7
2014-05-20,93.7
2014-05-21,93.7
2014-05-22,93.7
2014-05-23,93.7
2014-05-24,93.7
2014-05-25,93.7
2014-05-26,93.7
2014-05-27,93.7
2014-05-28,93.7
2014-05-29,93.7
2014-05-30,93.7
2014-05-31,93.7
2014-06-01,91.6
2014-06-02,91.6
2014-06-03,91.6
2014-06-04,91.6
2014-06-05,91.6
2014-06-06,91.6
2014-06-07,91.6
2014-06-08,91.6
2014-06-09,91.6
2014-06-10,91.6
2014-06-11,91.6
2014-06-12,91.6
2014-06-13,91.6
2014-06-14,91.6
2014-06-15,91.6
2014-06-16,91.6
2014-06-17,91.6
2014-06-18,91.6
2014-06-19,91.6
2014-06-20,91.6
2014-06-21,91.6
2014-06-22,91.6
2014-06-23,91.6
2014-06-24,91.6
2014-06-25,91.6
2014-06-26,91.6
2014-06-27,91.6
2014-06-28,91.6
2014-06-29,91.6
2014-06-30,91.6
2014-07-01,90.7
2014-07-02,90.7
2014-07-03,90.7
2014-07-04,90.7
2014-07-05,90.7
2014-07-06,90.7
2014-07-07,90.7
2014-07-08,90.7
2014-07-09,90.7
2014-07-10,90.7
2014-07-11,90.7
2014-07-12,90.7
2014-07-13,90.7
2014-07-14,90.7
2014-07-15,90.7
2014-07-16,90.7
2014-07-17,90.7
2014-07-18,90.7
2014-07-19,90.7
2014-07-20,90.7
2014-07-21,90.7
2014-07-22,90.7
2014-07-23,90.7
2014-07-24,90.7
2014-07-25,90.7
2014-07-26,90.7
2014-07-27,90.7
2014-07-28,90.7
2014-07-29,90.7
2014-07-30,90.7
2014-07-31,90.7
2014-08-01,92.7
2014-08-02,92.7
2014-08-03,92.7
2014-08-04,92.7
2014-08-05,92.7
2014-08-06,92.7
2014-08-07,92.7
2014-08-08,92.7
2014-08-09,92.7
2014-08-10,92.7
2014-08-11,92.7
2014-08-12,92.7
2014-08-13,92.7
2014-08-14,92.7
2014-08-15,92.7
2014-08-16,92.7
2014-08-17,92.7
2014-08-18,92.7
2014-08-19,92.7
2014-08-20,92.7
2014-08-21,92.7
2014-08-22,92.7
2014-08-23,92.7
2014-08-24,92.7
2014-08-25,92.7
2014-08-26,92.7
2014-08-27,92.7
2014-08-28,92.7
2014-08-29,92.7
2014-08-30,92.7
2014-08-31,92.7
2014-09-01,92.5
2014-09-02,92.5
2014-09-03,92.5
2014-09-04,92.5
2014-09-05,92.5
2014-09-06,92.5
2014-09-07,92.5
2014-09-08,92.5
2014-09-09,92.5
2014-09-10,92.5
2014-09-11,92.5
2014-09-12,92.5
2014-09-13,92.5
2014-09-14,92.5
2014-09-15,92.5
2014-09-16,92.5
2014-09-17,92.5
2014-09-18,92.5
2014-09-19,92.5
2014-09-20,92.5
2014-09-21,92.5
2014-09-22,92.5
2014-09-23,92.5
2014-09-24,92.5
2014-09-25,92.5
2014-09-26,92.5
2014-09-27,92.5
2014-09-28,92.5
2014-09-29,92.5
2014-09-30,92.5
2014-10-01,88.0
2014-10-02,88.0
2014-10-03,88.0
2014-10-04,88.0
2014-10-05,88.0
2014-10-06,88.0
2014-10-07,88.0
2014-10-08,88.0
2014-10-09,88.0
2014-10-10,88.0
2014-10-11,88.0
2014-10-12,88.0
2014-10-13,88.0
2014-10-14,88.0
2014-10-15,88.0
2014-10-16,88.0
2014-10-17,88.0
2014-10-18,88.0
2014-10-19,88.0
2014-10-20,88.0
2014-10-21,88.0
2014-10-22,88.0
2014-10-23,88.0
2014-10-24,88.0
2014-10-25,88.0
2014-10-26,88.0
2014-10-27,88.0
2014-10-28,88.0
2014-10-29,88.0
2014-10-30,88.0
2014-10-31,88.0
2014-11-01,89.6
2014-11-02,89.6
2014-11-03,89.6
2014-11-04,89.6
2014-11-05,89.6
2014-11-06,89.6
2014-11-07,89.6
2014-11-08,89.6
2014-11-09,89.6
2014-11-10,89.6
2014-11-11,89.6
2014-11-12,89.6
2014-11-13,89.6
2014-11-14,89.6
2014-11-15,89.6
2014-11-16,89.6
2014-11-17,89.6
2014-11-18,89.6
2014-11-19,89.6
2014-11-20,89.6
2014-11-21,89.6
2014-11-22,89.6
2014-11-23,89.6
2014-11-24,89.6
2014-11-25,89.6
2014-11-26,89.6
2014-11-27,89.6
2014-11-28,89.6
2014-11-29,89.6
2014-11-30,89.6
2014-12-01,92.2
2014-12-02,92.2
2014-12-03,92.2
2014-12-04,92.2
2014-12-05,92.2
2014-12-06,92.2
2014-12-07,92.2
2014-12-08,92.2
2014-12-09,92.2
2014-12-10,92.2
2014-12-11,92.2
2014-12-12,92.2
2014-12-13,92.2
2014-12-14,92.2
2014-12-15,92.2
2014-12-16,92.2
2014-12-17,92.2
2014-12-18,92.2
2014-12-19,92.2
2014-12-20,92.2
2014-12-21,92.2
2014-12-22,92.2
2014-12-23,92.2
2014-12-24,92.2
2014-12-25,92.2
2014-12-26,92.2
2014-12-27,92.2
2014-12-28,92.2
2014-12-29,92.2
2014-12-30,92.2
2014-12-31,92.2
2015-01-01,91.2
2015-01-02,91.2
2015-01-03,91.2
2015-01-04,91.2
2015-01-05,91.2
2015-01-06,91.2
2015-01-07,91.2
2015-01-08,91.2
2015-01-09,91.2
2015-01-10,91.2
2015-01-11,91.2
2015-01-12,91.2
2015-01-13,91.2
2015-01-14,91.2
2015-01-15,91.2
2015-01-16,91.2
2015-01-17,91.2
2015-01-18,91.2
2015-01-19,91.2
2015-01-20,91.2
2015-01-21,91.2
2015-01-22,91.2
2015-01-23,91.2
2015-01-24,91.2
2015-01-25,91.2
2015-01-26,91.2
2015-01-27,91.2
2015-01-28,91.2
2015-01-29,91.2
2015-01-30,91.2
2015-01-31,91.2
2015-02-01,101.0
2015-02-02,101.0
2015-02-03,101.0
2015-02-04,101.0
2015-02-05,101.0
2015-02-06,101.0
2015-02-07,101.0
2015-02-08,101.0
2015-02-09,101.0
2015-02-10,101.0
2015-02-11,101.0
2015-02-12,101.0
2015-02-13,101.0
2015-02-14,101.0
2015-02-15,101.0
2015-02-16,101.0
2015-02-17,101.0
2015-02-18,101.0
2015-02-19,101.0
2015-02-20,101.0
2015-02-21,101.0
2015-02-22,101.0
2015-02-23,101.0
2015-02-24,101.0
2015-02-25,101.0
2015-02-26,101.0
2015-02-27,101.0
2015-02-28,101.0
2015-03-01,89.2
2015-03-02,89.2
2015-03-03,89.2
2015-03-04,89.2
2015-03-05,89.2
2015-03-06,89.2
2015-03-07,89.2
2015-03-08,89.2
2015-03-09,89.2
2015-03-10,89.2
2015-03-11,89.2
2015-03-12,89.2
2015-03-13,89.2
2015-03-14,89.2
2015-03-15,89.2
2015-03-16,89.2
2015-03-17,89.2
2015-03-18,89.2
2015-03-19,89.2
2015-03-20,89.2
2015-03-21,89.2
2015-03-22,89.2
2015-03-23,89.2
2015-03-24,89.2
2015-03-25,89.2
2015-03-26,89.2
2015-03-27,89.2
2015-03-28,89.2
2015-03-29,89.2
2015-03-30,89.2
2015-03-31,89.2
2015-04-01,84.8
2015-04-02,84.8
2015-04-03,84.8
2015-04-04,84.8
2015-04-05,84.8
2015-04-06,84.8
2015-04-07,84.8
2015-04-08,84.8
2015-04-09,84.8
2015-04-10,84.8
2015-04-11,84.8
2015-04-12,84.8
2015-04-13,84.8
2015-04-14,84.8
2015-04-15,84.8
2015-04-16,84.8
2015-04-17,84.8
2015-04-18,84.8
2015-04-19,84.8
2015-04-20,84.8
2015-04-21,84.8
2015-04-22,84.8
2015-04-23,84.8
2015-04-24,84.8
2015-04-25,84.8
2015-04-26,84.8
2015-04-27,84.8
2015-04-28,84.8
2015-04-29,84.8
2015-04-30,84.8
2015-05-01,94.7
2015-05-02,94.7
2015-05-03,94.7
2015-05-04,94.7
2015-05-05,94.7
2015-05-06,94.7
2015-05-07,94.7
2015-05-08,94.7
2015-05-09,94.7
2015-05-10,94.7
2015-05-11,94.7
2015-05-12,94.7
2015-05-13,94.7
2015-05-14,94.7
2015-05-15,94.7
2015-05-16,94.7
2015-05-17,94.7
2015-05-18,94.7
2015-05-19,94.7
2015-05-20,94.7
2015-05-21,94.7
2015-05-22,94.7
2015-05-23,94.7
2015-05-24,94.7
2015-05-25,94.7
2015-05-26,94.7
2015-05-27,94.7
2015-05-28,94.7
2015-05-29,94.7
2015-05-30,94.7
2015-05-31,94.7
2015-06-01,92.9
2015-06-02,92.9
2015-06-03,92.9
2015-06-04,92.9
2015-06-05,92.9
2015-06-06,92.9
2015-06-07,92.9
2015-06-08,92.9
2015-06-09,92.9
2015-06-10,92.9
2015-06-11,92.9
2015-06-12,92.9
2015-06-13,92.9
2015-06-14,92.9
2015-06-15,92.9
2015-06-16,92.9
2015-06-17,92.9
2015-06-18,92.9
2015-06-19,92.9
2015-06-20,92.9
2015-06-21,92.9
2015-06-22,92.9
2015-06-23,92.9
2015-06-24,92.9
2015-06-25,92.9
2015-06-26,92.9
2015-06-27,92.9
2015-06-28,92.9
2015-06-29,92.9
2015-06-30,92.9
2015-07-01,91.3
2015-07-02,91.3
2015-07-03,91.3
2015-07-04,91.3
2015-07-05,91.3
2015-07-06,91.3
2015-07-07,91.3
2015-07-08,91.3
2015-07-09,91.3
2015-07-10,91.3
2015-07-11,91.3
2015-07-12,91.3
2015-07-13,91.3
2015-07-14,91.3
2015-07-15,91.3
2015-07-16,91.3
2015-07-17,91.3
2015-07-18,91.3
2015-07-19,91.3
2015-07-20,91.3
2015-07-21,91.3
2015-07-22,91.3
2015-07-23,91.3
2015-07-24,91.3
2015-07-25,91.3
2015-07-26,91.3
2015-07-27,91.3
2015-07-28,91.3
2015-07-29,91.3
2015-07-30,91.3
2015-07-31,91.3
2015-08-01,95.1
2015-08-02,95.1
2015-08-03,95.1
2015-08-04,95.1
2015-08-05,95.1
2015-08-06,95.1
2015-08-07,95.1
2015-08-08,95.1
2015-08-09,95.1
2015-08-10,95.1
2015-08-11,95.1
2015-08-12,95.1
2015-08-13,95.1
2015-08-14,95.1
2015-08-15,95.1
2015-08-16,95.1
2015-08-17,95.1
2015-08-18,95.1
2015-08-19,95.1
2015-08-20,95.1
2015-08-21,95.1
2015-08-22,95.1
2015-08-23,95.1
2015-08-24,95.1
2015-08-25,95.1
2015-08-26,95.1
2015-08-27,95.1
2015-08-28,95.1
2015-08-29,95.1
2015-08-30,95.1
2015-08-31,95.1
2015-09-01,92.1
2015-09-02,92.1
2015-09-03,92.1
2015-09-04,92.1
2015-09-05,92.1
2015-09-06,92.1
2015-09-07,92.1
2015-09-08,92.1
2015-09-09,92.1
2015-09-10,92.1
2015-09-11,92.1
2015-09-12,92.1
2015-09-13,92.1
2015-09-14,92.1
2015-09-15,92.1
2015-09-16,92.1
2015-09-17,92.1
2015-09-18,92.1
2015-09-19,92.1
2015-09-20,92.1
2015-09-21,92.1
2015-09-22,92.1
2015-09-23,92.1
2015-09-24,92.1
2015-09-25,92.1
2015-09-26,92.1
2015-09-27,92.1
2015-09-28,92.1
2015-09-29,92.1
2015-09-30,92.1
2015-10-01,90.0
2015-10-02,90.0
2015-10-03,90.0
2015-10-04,90.0
2015-10-05,90.0
2015-10-06,90.0
2015-10-07,90.0
2015-10-08,90.0
2015-10-09,90.0
2015-10-10,90.0
2015-10-11,90.0
2015-10-12,90.0
2015-10-13,90.0
2015-10-14,90.0
2015-10-15,90.0
2015-10-16,90.0
2015-10-17,90.0
2015-10-18,90.0
2015-10-19,90.0
2015-10-20,90.0
2015-10-21,90.0
2015-10-22,90.0
2015-10-23,90.0
2015-10-24,90.0
2015-10-25,90.0
2015-10-26,90.0
2015-10-27,90.0
2015-10-28,90.0
2015-10-29,90.0
2015-10-30,90.0
2015-10-31,90.0
2015-11-01,93.6
2015-11-02,93.6
2015-11-03,93.6
2015-11-04,93.6
2015-11-05,93.6
2015-11-06,93.6
2015-11-07,93.6
2015-11-08,93.6
2015-11-09,93.6
2015-11-10,93.6
2015-11-11,93.6
2015-11-12,93.6
2015-11-13,93.6
2015-11-14,93.6
2015-11-15,93.6
2015-11-16,93.6
2015-11-17,93.6
2015-11-18,93.6
2015-11-19,93.6
2015-11-20,93.6
2015-11-21,93.6
2015-11-22,93.6
2015-11-23,93.6
2015-11-24,93.6
2015-11-25,93.6
2015-11-26,93.6
2015-11-27,93.6
2015-11-28,93.6
2015-11-29,93.6
2015-11-30,93.6
2015-12-01,95.5
2015-12-02,95.5
2015-12-03,95.5
2015-12-04,95.5
2015-12-05,95.5
2015-12-06,95.5
2015-12-07,95.5
2015-12-08,95.5
2015-12-09,95.5
2015-12-10,95.5
2015-12-11,95.5
2015-12-12,95.5
2015-12-13,95.5
2015-12-14,95.5
2015-12-15,95.5
2015-12-16,95.5
2015-12-17,95.5
2015-12-18,95.5
2015-12-19,95.5
2015-12-20,95.5
2015-12-21,95.5
2015-12-22,95.5
2015-12-23,95.5
2015-12-24,95.5
2015-12-25,95.5
2015-12-26,95.5
2015-12-27,95.5
2015-12-28,95.5
2015-12-29,95.5
2015-12-30,95.5
2015-12-31,95.5
2016-01-01,94.7
2016-01-02,94.7
2016-01-03,94.7
2016-01-04,94.7
2016-01-05,94.7
2016-01-06,94.7
2016-01-07,94.7
2016-01-08,94.7
2016-01-09,94.7
2016-01-10,94.7
2016-01-11,94.7
2016-01-12,94.7
2016-01-13,94.7
2016-01-14,94.7
2016-01-15,94.7
2016-01-16,94.7
2016-01-17,94.7
2016-01-18,94.7
2016-01-19,94.7
2016-01-20,94.7
2016-01-21,94.7
2016-01-22,94.7
2016-01-23,94.7
2016-01-24,94.7
2016-01-25,94.7
2016-01-26,94.7
2016-01-27,94.7
2016-01-28,94.7
2016-01-29,94.7
2016-01-30,94.7
2016-01-31,94.7
2016-02-01,104.1
2016-02-02,104.1
2016-02-03,104.1
2016-02-04,104.1
2016-02-05,104.1
2016-02-06,104.1
2016-02-07,104.1
2016-02-08,104.1
2016-02-09,104.1
2016-02-10,104.1
2016-02-11,104.1
2016-02-12,104.1
2016-02-13,104.1
2016-02-14,104.1
2016-02-15,104.1
2016-02-16,104.1
2016-02-17,104.1
2016-02-18,104.1
2016-02-19,104.1
2016-02-20,104.1
2016-02-21,104.1
2016-02-22,104.1
2016-02-23,104.1
2016-02-24,104.1
2016-02-25,104.1
2016-02-26,104.1
2016-02-27,104.1
2016-02-28,104.1
2016-02-29,104.1
2016-03-01,90.5
2016-03-02,90.5
2016-03-03,90.5
2016-03-04,90.5
2016-03-05,90.5
2016-03-06,90.5
2016-03-07,90.5
2016-03-08,90.5
2016-03-09,90.5
2016-03-10,90.5
2016-03-11,90.5
2016-03-12,90.5
2016-03-13,90.5
2016-03-14,90.5
2016-03-15,90.5
2016-03-16,90.5
2016-03-17,90.5
2016-03-18,90.5
2016-03-19,90.5
2016-03-20,90.5
2016-03-21,90.5
2016-03-22,90.5
2016-03-23,90.5
2016-03-24,90.5
2016-03-25,90.5
2016-03-26,90.5
2016-03-27,90.5
2016-03-28,90.5
2016-03-29,90.5
2016-03-30,90.5
2016-03-31,90.5
2016-04-01,87.1
2016-04-02,87.1
2016-04-03,87.1
2016-04-04,87.1
2016-04-05,87.1
2016-04-06,87.1
2016-04-07,87.1
2016-04-08,87.1
2016-04-09,87.1
2016-04-10,87.1
2016-04-11,87.1
2016-04-12,87.1
2016-04-13,87.1
2016-04-14,87.1
2016-04-15,87.1
2016-04-16,87.1
2016-04-17,87.1
2016-04-18,87.1
2016-04-19,87.1
2016-04-20,87.1
2016-04-21,87.1
2016-04-22,87.1
2016-04-23,87.1
2016-04-24,87.1
2016-04-25,87.1
2016-04-26,87.1
2016-04-27,87.1
2016-04-28,87.1
2016-04-29,87.1
2016-04-30,87.1
2016-05-01,97.8
2016-05-02,97.8
2016-05-03,97.8
2016-05-04,97.8
2016-05-05,97.8
2016-05-06,97.8
2016-05-07,97.8
2016-05-08,97.8
2016-05-09,97.8
2016-05-10,97.8
2016-05-11,97.8
2016-05-12,97.8
2016-05-13,97.8
2016-05-14,97.8
2016-05-15,97.8
2016-05-16,97.8
2016-05-17,97.8
2016-05-18,97.8
2016-05-19,97.8
2016-05-20,97.8
2016-05-21,97.8
2016-05-22,97.8
2016-05-23,97.8
2016-05-24,97.8
2016-05-25,97.8
2016-05-26,97.8
2016-05-27,97.8
2016-05-28,97.8
2016-05-29,97.8
2016-05-30,97.8
2016-05-31,97.8
2016-06-01,94.0
2016-06-02,94.0
2016-06-03,94.0
2016-06-04,94.0
2016-06-05,94.0
2016-06-06,94.0
2016-06-07,94.0
2016-06-08,94.0
2016-06-09,94.0
2016-06-10,94.0
2016-06-11,94.0
2016-06-12,94.0
2016-06-13,94.0
2016-06-14,94.0
2016-06-15,94.0
2016-06-16,94.0
2016-06-17,94.0
2016-06-18,94.0
2016-06-19,94.0
2016-06-20,94.0
2016-06-21,94.0
2016-06-22,94.0
2016-06-23,94.0
2016-06-24,94.0
2016-06-25,94.0
2016-06-26,94.0
2016-06-27,94.0
2016-06-28,94.0
2016-06-29,94.0
2016-06-30,94.0
2016-07-01,95.6
2016-07-02,95.6
2016-07-03,95.6
2016-07-04,95.6
2016-07-05,95.6
2016-07-06,95.6
2016-07-07,95.6
2016-07-08,95.6
2016-07-09,95.6
2016-07-10,95.6
2016-07-11,95.6
2016-07-12,95.6
2016-07-13,95.6
2016-07-14,95.6
2016-07-15,95.6
2016-07-16,95.6
2016-07-17,95.6
2016-07-18,95.6
2016-07-19,95.6
2016-07-20,95.6
2016-07-21,95.6
2016-07-22,95.6
2016-07-23,95.6
2016-07-24,95.6
2016-07-25,95.6
2016-07-26,95.6
2016-07-27,95.6
2016-07-28,95.6
2016-07-29,95.6
2016-07-30,95.6
2016-07-31,95.6
2016-08-01,99.5
2016-08-02,99.5
2016-08-03,99.5
2016-08-04,99.5
2016-08-05,99.5
2016-08-06,99.5
2016-08-07,99.5
2016-08-08,99.5
2016-08-09,99.5
2016-08-10,99.5
2016-08-11,99.5
2016-08-12,99.5
2016-08-13,99.5
2016-08-14,99.5
2016-08-15,99.5
2016-08-16,99.5
2016-08-17,99.5
2016-08-18,99.5
2016-08-19,99.5
2016-08-20,99.5
2016-08-21,99.5
2016-08-22,99.5
2016-08-23,99.5
2016-08-24,99.5
2016-08-25,99.5
2016-08-26,99.5
2016-08-27,99.5
2016-08-28,99.5
2016-08-29,99.5
2016-08-30,99.5
2016-08-31,99.5
2016-09-01,94.9
2016-09-02,94.9
2016-09-03,94.9
2016-09-04,94.9
2016-09-05,94.9
2016-09-06,94.9
2016-09-07,94.9
2016-09-08,94.9
2016-09-09,94.9
2016-09-10,94.9
2016-09-11,94.9
2016-09-12,94.9
2016-09-13,94.9
2016-09-14,94.9
2016-09-15,94.9
2016-09-16,94.9
2016-09-17,94.9
2016-09-18,94.9
2016-09-19,94.9
2016-09-20,94.9
2016-09-21,94.9
2016-09-22,94.9
2016-09-23,94.9
2016-09-24,94.9
2016-09-25,94.9
2016-09-26,94.9
2016-09-27,94.9
2016-09-28,94.9
2016-09-29,94.9
2016-09-30,94.9
2016-10-01,94.0
2016-10-02,94.0
2016-10-03,94.0
2016-10-04,94.0
2016-10-05,94.0
2016-10-06,94.0
2016-10-07,94.0
2016-10-08,94.0
2016-10-09,94.0
2016-10-10,94.0
2016-10-11,94.0
2016-10-12,94.0
2016-10-13,94.0
2016-10-14,94.0
2016-10-15,94.0
2016-10-16,94.0
2016-10-17,94.0
2016-10-18,94.0
2016-10-19,94.0
2016-10-20,94.0
2016-10-21,94.0
2016-10-22,94.0
2016-10-23,94.0
2016-10-24,94.0
2016-10-25,94.0
2016-10-26,94.0
2016-10-27,94.0
2016-10-28,94.0
2016-10-29,94.0
2016-10-30,94.0
2016-10-31,94.0
2016-11-01,94.8
2016-11-02,94.8
2016-11-03,94.8
2016-11-04,94.8
2016-11-05,94.8
2016-11-06,94.8
2016-11-07,94.8
2016-11-08,94.8
2016-11-09,94.8
2016-11-10,94.8
2016-11-11,94.8
2016-11-12,94.8
2016-11-13,94.8
2016-11-14,94.8
2016-11-15,94.8
2016-11-16,94.8
2016-11-17,94.8
2016-11-18,94.8
2016-11-19,94.8
2016-11-20,94.8
2016-11-21,94.8
2016-11-22,94.8
2016-11-23,94.8
2016-11-24,94.8
2016-11-25,94.8
2016-11-26,94.8
2016-11-27,94.8
2016-11-28,94.8
2016-11-29,94.8
2016-11-30,94.8
2016-12-01,97.1
2016-12-02,97.1
2016-12-03,97.1
2016-12-04,97.1
2016-12-05,97.1
2016-12-06,97.1
2016-12-07,97.1
2016-12-08,97.1
2016-12-09,97.1
2016-12-10,97.1
2016-12-11,97.1
2016-12-12,97.1
2016-12-13,97.1
2016-12-14,97.1
2016-12-15,97.1
2016-12-16,97.1
2016-12-17,97.1
2016-12-18,97.1
2016-12-19,97.1
2016-12-20,97.1
2016-12-21,97.1
2016-12-22,97.1
2016-12-23,97.1
2016-12-24,97.1
2016-12-25,97.1
2016-12-26,97.1
2016-12-27,97.1
2016-12-28,97.1
2016-12-29,97.1
2016-12-30,97.1
2016-12-31,97.1
2017-01-01,99.0
2017-01-02,99.0
2017-01-03,99.0
2017-01-04,99.0
2017-01-05,99.0
2017-01-06,99.0
2017-01-07,99.0
2017-01-08,99.0
2017-01-09,99.0
2017-01-10,99.0
2017-01-11,99.0
2017-01-12,99.0
2017-01-13,99.0
2017-01-14,99.0
2017-01-15,99.0
2017-01-16,99.0
2017-01-17,99.0
2017-01-18,99.0
2017-01-19,99.0
2017-01-20,99.0
2017-01-21,99.0
2017-01-22,99.0
2017-01-23,99.0
2017-01-24,99.0
2017-01-25,99.0
2017-01-26,99.0
2017-01-27,99.0
2017-01-28,99.0
2017-01-29,99.0
2017-01-30,99.0
2017-01-31,99.0
2017-02-01,108.0
2017-02-02,108.0
2017-02-03,108.0
2017-02-04,108.0
2017-02-05,108.0
2017-02-06,108.0
2017-02-07,108.0
2017-02-08,108.0
2017-02-09,108.0
2017-02-10,108.0
2017-02-11,108.0
2017-02-12,108.0
2017-02-13,108.0
2017-02-14,108.0
2017-02-15,108.0
2017-02-16,108.0
2017-02-17,108.0
2017-02-18,108.0
2017-02-19,108.0
2017-02-20,108.0
2017-02-21,108.0
2017-02-22,108.0
2017-02-23,108.0
2017-02-24,108.0
2017-02-25,108.0
2017-02-26,108.0
2017-02-27,108.0
2017-02-28,108.0
2017-03-01,92.7
2017-03-02,92.7
2017-03-03,92.7
2017-03-04,92.7
2017-03-05,92.7
2017-03-06,92.7
2017-03-07,92.7
2017-03-08,92.7
2017-03-09,92.7
2017-03-10,92.7
2017-03-11,92.7
2017-03-12,92.7
2017-03-13,92.7
2017-03-14,92.7
2017-03-15,92.7
2017-03-16,92.7
2017-03-17,92.7
2017-03-18,92.7
2017-03-19,92.7
2017-03-20,92.7
2017-03-21,92.7
2017-03-22,92.7
2017-03-23,92.7
2017-03-24,92.7
2017-03-25,92.7
2017-03-26,92.7
2017-03-27,92.7
2017-03-28,92.7
2017-03-29,92.7
2017-03-30,92.7
2017-03-31,92.7
2017-04-01,91.8
2017-04-02,91.8
2017-04-03,91.8
2017-04-04,91.8
2017-04-05,91.8
2017-04-06,91.8
2017-04-07,91.8
2017-04-08,91.8
2017-04-09,91.8
2017-04-10,91.8
2017-04-11,91.8
2017-04-12,91.8
2017-04-13,91.8
2017-04-14,91.8
2017-04-15,91.8
2017-04-16,91.8
2017-04-17,91.8
2017-04-18,91.8
2017-04-19,91.8
2017-04-20,91.8
2017-04-21,91.8
2017-04-22,91.8
2017-04-23,91.8
2017-04-24,91.8
2017-04-25,91.8
2017-04-26,91.8
2017-04-27,91.8
2017-04-28,91.8
2017-04-29,91.8
2017-04-30,91.8
2017-05-01,102.0
2017-05-02,102.0
2017-05-03,102.0
2017-05-04,102.0
2017-05-05,102.0
2017-05-06,102.0
2017-05-07,102.0
2017-05-08,102.0
2017-05-09,102.0
2017-05-10,102.0
2017-05-11,102.0
2017-05-12,102.0
2017-05-13,102.0
2017-05-14,102.0
2017-05-15,102.0
2017-05-16,102.0
2017-05-17,102.0
2017-05-18,102.0
2017-05-19,102.0
2017-05-20,102.0
2017-05-21,102.0
2017-05-22,102.0
2017-05-23,102.0
2017-05-24,102.0
2017-05-25,102.0
2017-05-26,102.0
2017-05-27,102.0
2017-05-28,102.0
2017-05-29,102.0
2017-05-30,102.0
2017-05-31,102.0
2017-06-01,97.1
2017-06-02,97.1
2017-06-03,97.1
2017-06-04,97.1
2017-06-05,97.1
2017-06-06,97.1
2017-06-07,97.1
2017-06-08,97.1
2017-06-09,97.1
2017-06-10,97.1
2017-06-11,97.1
2017-06-12,97.1
2017-06-13,97.1
2017-06-14,97.1
2017-06-15,97.1
2017-06-16,97.1
2017-06-17,97.1
2017-06-18,97.1
2017-06-19,97.1
2017-06-20,97.1
2017-06-21,97.1
2017-06-22,97.1
2017-06-23,97.1
2017-06-24,97.1
2017-06-25,97.1
2017-06-26,97.1
2017-06-27,97.1
2017-06-28,97.1
2017-06-29,97.1
2017-06-30,97.1
2017-07-01,98.1
2017-07-02,98.1
2017-07-03,98.1
2017-07-04,98.1
2017-07-05,98.1
2017-07-06,98.1
2017-07-07,98.1
2017-07-08,98.1
2017-07-09,98.1
2017-07-10,98.1
2017-07-11,98.1
2017-07-12,98.1
2017-07-13,98.1
2017-07-14,98.1
2017-07-15,98.1
2017-07-16,98.1
2017-07-17,98.1
2017-07-18,98.1
2017-07-19,98.1
2017-07-20,98.1
2017-07-21,98.1
2017-07-22,98.1
2017-07-23,98.1
2017-07-24,98.1
2017-07-25,98.1
2017-07-26,98.1
2017-07-27,98.1
2017-07-28,98.1
2017-07-29,98.1
2017-07-30,98.1
2017-07-31,98.1
2017-08-01,101.3
2017-08-02,101.3
2017-08-03,101.3
2017-08-04,101.3
2017-08-05,101.3
2017-08-06,101.3
2017-08-07,101.3
2017-08-08,101.3
2017-08-09,101.3
2017-08-10,101.3
2017-08-11,101.3
2017-08-12,101.3
2017-08-13,101.3
2017-08-14,101.3
2017-08-15,101.3
2017-08-16,101.3
2017-08-17,101.3
2017-08-18,101.3
2017-08-19,101.3
2017-08-20,101.3
2017-08-21,101.3
2017-08-22,101.3
2017-08-23,101.3
2017-08-24,101.3
2017-08-25,101.3
2017-08-26,101.3
2017-08-27,101.3
2017-08-28,101.3
2017-08-29,101.3
2017-08-30,101.3
2017-08-31,101.3
2017-09-01,97.3
2017-09-02,97.3
2017-09-03,97.3
2017-09-04,97.3
2017-09-05,97.3
2017-09-06,97.3
2017-09-07,97.3
2017-09-08,97.3
2017-09-09,97.3
2017-09-10,97.3
2017-09-11,97.3
2017-09-12,97.3
2017-09-13,97.3
2017-09-14,97.3
2017-09-15,97.3
2017-09-16,97.3
2017-09-17,97.3
2017-09-18,97.3
2017-09-19,97.3
2017-09-20,97.3
2017-09-21,97.3
2017-09-22,97.3
2017-09-23,97.3
2017-09-24,97.3
2017-09-25,97.3
2017-09-26,97.3
2017-09-27,97.3
2017-09-28,97.3
2017-09-29,97.3
2017-09-30,97.3
2017-10-01,96.3
2017-10-02,96.3
2017-10-03,96.3
2017-10-04,96.3
2017-10-05,96.3
2017-10-06,96.3
2017-10-07,96.3
2017-10-08,96.3
2017-10-09,96.3
2017-10-10,96.3
2017-10-11,96.3
2017-10-12,96.3
2017-10-13,96.3
2017-10-14,96.3
2017-10-15,96.3
2017-10-16,96.3
2017-10-17,96.3
2017-10-18,96.3
2017-10-19,96.3
2017-10-20,96.3
2017-10-21,96.3
2017-10-22,96.3
2017-10-23,96.3
2017-10-24,96.3
2017-10-25,96.3
2017-10-26,96.3
2017-10-27,96.3
2017-10-28,96.3
2017-10-29,96.3
2017-10-30,96.3
2017-10-31,96.3
2017-11-01,102.2
2017-11-02,102.2
2017-11-03,102.2
2017-11-04,102.2
2017-11-05,102.2
2017-11-06,102.2
2017-11-07,102.2
2017-11-08,102.2
2017-11-09,102.2
2017-11-10,102.2
2017-11-11,102.2
2017-11-12,102.2
2017-11-13,102.2
2017-11-14,102.2
2017-11-15,102.2
2017-11-16,102.2
2017-11-17,102.2
2017-11-18,102.2
2017-11-19,102.2
2017-11-20,102.2
2017-11-21,102.2
2017-11-22,102.2
2017-11-23,102.2
2017-11-24,102.2
2017-11-25,102.2
2017-11-26,102.2
2017-11-27,102.2
2017-11-28,102.2
2017-11-29,102.2
2017-11-30,102.2
2017-12-01,94.9
2017-12-02,94.9
2017-12-03,94.9
2017-12-04,94.9
2017-12-05,94.9
2017-12-06,94.9
2017-12-07,94.9
2017-12-08,94.9
2017-12-09,94.9
2017-12-10,94.9
2017-12-11,94.9
2017-12-12,94.9
2017-12-13,94.9
2017-12-14,94.9
2017-12-15,94.9
2017-12-16,94.9
2017-12-17,94.9
2017-12-18,94.9
2017-12-19,94.9
2017-12-20,94.9
2017-12-21,94.9
2017-12-22,94.9
2017-12-23,94.9
2017-12-24,94.9
2017-12-25,94.9
2017-12-26,94.9
2017-12-27,94.9
2017-12-28,94.9
2017-12-29,94.9
2017-12-30,94.9
2017-12-31,94.9
2018-01-01,101.0
2018-01-02,101.0
2018-01-03,101.0
2018-01-04,101.0
2018-01-05,101.0
2018-01-06,101.0
2018-01-07,101.0
2018-01-08,101.0
2018-01-09,101.0
2018-01-10,101.0
2018-01-11,101.0
2018-01-12,101.0
2018-01-13,101.0
2018-01-14,101.0
2018-01-15,101.0
2018-01-16,101.0
2018-01-17,101.0
2018-01-18,101.0
2018-01-19,101.0
2018-01-20,101.0
2018-01-21,101.0
2018-01-22,101.0
2018-01-23,101.0
2018-01-24,101.0
2018-01-25,101.0
2018-01-26,101.0
2018-01-27,101.0
2018-01-28,101.0
2018-01-29,101.0
2018-01-30,101.0
2018-01-31,101.0
2018-02-01,107.7
2018-02-02,107.7
2018-02-03,107.7
2018-02-04,107.7
2018-02-05,107.7
2018-02-06,107.7
2018-02-07,107.7
2018-02-08,107.7
2018-02-09,107.7
2018-02-10,107.7
2018-02-11,107.7
2018-02-12,107.7
2018-02-13,107.7
2018-02-14,107.7
2018-02-15,107.7
2018-02-16,107.7
2018-02-17,107.7
2018-02-18,107.7
2018-02-19,107.7
2018-02-20,107.7
2018-02-21,107.7
2018-02-22,107.7
2018-02-23,107.7
2018-02-24,107.7
2018-02-25,107.7
2018-02-26,107.7
2018-02-27,107.7
2018-02-28,107.7
2018-03-01,97.2
2018-03-02,97.2
2018-03-03,97.2
2018-03-04,97.2
2018-03-05,97.2
2018-03-06,97.2
2018-03-07,97.2
2018-03-08,97.2
2018-03-09,97.2
2018-03-10,97.2
2018-03-11,97.2
2018-03-12,97.2
2018-03-13,97.2
2018-03-14,97.2
2018-03-15,97.2
2018-03-16,97.2
2018-03-17,97.2
2018-03-18,97.2
2018-03-19,97.2
2018-03-20,97.2
2018-03-21,97.2
2018-03-22,97.2
2018-03-23,97.2
2018-03-24,97.2
2018-03-25,97.2
2018-03-26,97.2
2018-03-27,97.2
2018-03-28,97.2
2018-03-29,97.2
2018-03-30,97.2
2018-03-31,97.2
2018-04-01,91.3
2018-04-02,91.3
2018-04-03,91.3
2018-04-04,91.3
2018-04-05,91.3
2018-04-06,91.3
2018-04-07,91.3
2018-04-08,91.3
2018-04-09,91.3
2018-04-10,91.3
2018-04-11,91.3
2018-04-12,91.3
2018-04-13,91.3
2018-04-14,91.3
2018-04-15,91.3
2018-04-16,91.3
2018-04-17,91.3
2018-04-18,91.3
2018-04-19,91.3
2018-04-20,91.3
2018-04-21,91.3
2018-04-22,91.3
2018-04-23,91.3
2018-04-24,91.3
2018-04-25,91.3
2018-04-26,91.3
2018-04-27,91.3
2018-04-28,91.3
2018-04-29,91.3
2018-04-30,91.3
2018-05-01,101.9
2018-05-02,101.9
2018-05-03,101.9
2018-05-04,101.9
2018-05-05,101.9
2018-05-06,101.9
2018-05-07,101.9
2018-05-08,101.9
2018-05-09,101.9
2018-05-10,101.9
2018-05-11,101.9
2018-05-12,101.9
2018-05-13,101.9
2018-05-14,101.9
2018-05-15,101.9
2018-05-16,101.9
2018-05-17,101.9
2018-05-18,101.9
2018-05-19,101.9
2018-05-20,101.9
2018-05-21,101.9
2018-05-22,101.9
2018-05-23,101.9
2018-05-24,101.9
2018-05-25,101.9
2018-05-26,101.9
2018-05-27,101.9
2018-05-28,101.9
2018-05-29,101.9
2018-05-30,101.9
2018-05-31,101.9
2018-06-01,99.7
2018-06-02,99.7
2018-06-03,99.7
2018-06-04,99.7
2018-06-05,99.7
2018-06-06,99.7
2018-06-07,99.7
2018-06-08,99.7
2018-06-09,99.7
2018-06-10,99.7
2018-06-11,99.7
2018-06-12,99.7
2018-06-13,99.7
2018-06-14,99.7
2018-06-15,99.7
2018-06-16,99.7
2018-06-17,99.7
2018-06-18,99.7
2018-06-19,99.7
2018-06-20,99.7
2018-06-21,99.7
2018-06-22,99.7
2018-06-23,99.7
2018-06-24,99.7
2018-06-25,99.7
2018-06-26,99.7
2018-06-27,99.7
2018-06-28,99.7
2018-06-29,99.7
2018-06-30,99.7
2018-07-01,100.2
2018-07-02,100.2
2018-07-03,100.2
2018-07-04,100.2
2018-07-05,100.2
2018-07-06,100.2
2018-07-07,100.2
2018-07-08,100.2
2018-07-09,100.2
2018-07-10,100.2
2018-07-11,100.2
2018-07-12,100.2
2018-07-13,100.2
2018-07-14,100.2
2018-07-15,100.2
2018-07-16,100.2
2018-07-17,100.2
2018-07-18,100.2
2018-07-19,100.2
2018-07-20,100.2
2018-07-21,100.2
2018-07-22,100.2
2018-07-23,100.2
2018-07-24,100.2
2018-07-25,100.2
2018-07-26,100.2
2018-07-27,100.2
2018-07-28,100.2
2018-07-29,100.2
2018-07-30,100.2
2018-07-31,100.2
2018-08-01,102.6
2018-08-02,102.6
2018-08-03,102.6
2018-08-04,102.6
2018-08-05,102.6
2018-08-06,102.6
2018-08-07,102.6
2018-08-08,102.6
2018-08-09,102.6
2018-08-10,102.6
2018-08-11,102.6
2018-08-12,102.6
2018-08-13,102.6
2018-08-14,102.6
2018-08-15,102.6
2018-08-16,102.6
2018-08-17,102.6
2018-08-18,102.6
2018-08-19,102.6
2018-08-20,102.6
2018-08-21,102.6
2018-08-22,102.6
2018-08-23,102.6
2018-08-24,102.6
2018-08-25,102.6
2018-08-26,102.6
2018-08-27,102.6
2018-08-28,102.6
2018-08-29,102.6
2018-08-30,102.6
2018-08-31,102.6
2018-09-01,100.0
2018-09-02,100.0
2018-09-03,100.0
2018-09-04,100.0
2018-09-05,100.0
2018-09-06,100.0
2018-09-07,100.0
2018-09-08,100.0
2018-09-09,100.0
2018-09-10,100.0
2018-09-11,100.0
2018-09-12,100.0
2018-09-13,100.0
2018-09-14,100.0
2018-09-15,100.0
2018-09-16,100.0
2018-09-17,100.0
2018-09-18,100.0
2018-09-19,100.0
2018-09-20,100.0
2018-09-21,100.0
2018-09-22,100.0
2018-09-23,100.0
2018-09-24,100.0
2018-09-25,100.0
2018-09-26,100.0
2018-09-27,100.0
2018-09-28,100.0
2018-09-29,100.0
2018-09-30,100.0
2018-10-01,98.6
2018-10-02,98.6
2018-10-03,98.6
2018-10-04,98.6
2018-10-05,98.6
2018-10-06,98.6
2018-10-07,98.6
2018-10-08,98.6
2018-10-09,98.6
2018-10-10,98.6
2018-10-11,98.6
2018-10-12,98.6
2018-10-13,98.6
2018-10-14,98.6
2018-10-15,98.6
2018-10-16,98.6
2018-10-17,98.6
2018-10-18,98.6
2018-10-19,98.6
2018-10-20,98.6
2018-10-21,98.6
2018-10-22,98.6
2018-10-23,98.6
2018-10-24,98.6
2018-10-25,98.6
2018-10-26,98.6
2018-10-27,98.6
2018-10-28,98.6
2018-10-29,98.6
2018-10-30,98.6
2018-10-31,98.6
2018-11-01,97.8
2018-11-02,97.8
2018-11-03,97.8
2018-11-04,97.8
2018-11-05,97.8
2018-11-06,97.8
2018-11-07,97.8
2018-11-08,97.8
2018-11-09,97.8
2018-11-10,97.8
2018-11-11,97.8
2018-11-12,97.8
2018-11-13,97.8
2018-11-14,97.8
2018-11-15,97.8
2018-11-16,97.8
2018-11-17,97.8
2018-11-18,97.8
2018-11-19,97.8
2018-11-20,97.8
2018-11-21,97.8
2018-11-22,97.8
2018-11-23,97.8
2018-11-24,97.8
2018-11-25,97.8
2018-11-26,97.8
2018-11-27,97.8
2018-11-28,97.8
2018-11-29,97.8
2018-11-30,97.8
2018-12-01,102.2
2018-12-02,102.2
2018-12-03,102.2
2018-12-04,102.2
2018-12-05,102.2
2018-12-06,102.2
2018-12-07,102.2
2018-12-08,102.2
2018-12-09,102.2
2018-12-10,102.2
2018-12-11,102.2
2018-12-12,102.2
2018-12-13,102.2
2018-12-14,102.2
2018-12-15,102.2
2018-12-16,102.2
2018-12-17,102.2
2018-12-18,102.2
2018-12-19,102.2
2018-12-20,102.2
2018-12-21,102.2
2018-12-22,102.2
2018-12-23,102.2
2018-12-24,102.2
2018-12-25,102.2
2018-12-26,102.2
2018-12-27,102.2
2018-12-28,102.2
2018-12-29,102.2
2018-12-30,102.2
2018-12-31,102.2
2019-01-01,101.3
2019-01-02,101.3
2019-01-03,101.3
2019-01-04,101.3
2019-01-05,101.3
2019-01-06,101.3
2019-01-07,101.3
2019-01-08,101.3
2019-01-09,101.3
2019-01-10,101.3
2019-01-11,101.3
2019-01-12,101.3
2019-01-13,101.3
2019-01-14,101.3
2019-01-15,101.3
2019-01-16,101.3
2019-01-17,101.3
2019-01-18,101.3
2019-01-19,101.3
2019-01-20,101.3
2019-01-21,101.3
2019-01-22,101.3
2019-01-23,101.3
2019-01-24,101.3
2019-01-25,101.3
2019-01-26,101.3
2019-01-27,101.3
2019-01-28,101.3
2019-01-29,101.3
2019-01-30,101.3
2019-01-31,101.3
2019-02-01,108.2
2019-02-02,108.2
2019-02-03,108.2
2019-02-04,108.2
2019-02-05,108.2
2019-02-06,108.2
2019-02-07,108.2
2019-02-08,108.2
2019-02-09,108.2
2019-02-10,108.2
2019-02-11,108.2
2019-02-12,108.2
2019-02-13,108.2
2019-02-14,108.2
2019-02-15,108.2
2019-02-16,108.2
2019-02-17,108.2
2019-02-18,108.2
2019-02-19,108.2
2019-02-20,108.2
2019-02-21,108.2
2019-02-22,108.2
2019-02-23,108.2
2019-02-24,108.2
2019-02-25,108.2
2019-02-26,108.2
2019-02-27,108.2
2019-02-28,108.2
2019-03-01,98.3
2019-03-02,98.3
2019-03-03,98.3
2019-03-04,98.3
2019-03-05,98.3
2019-03-06,98.3
2019-03-07,98.3
2019-03-08,98.3
2019-03-09,98.3
2019-03-10,98.3
2019-03-11,98.3
2019-03-12,98.3
2019-03-13,98.3
2019-03-14,98.3
2019-03-15,98.3
2019-03-16,98.3
2019-03-17,98.3
2019-03-18,98.3
2019-03-19,98.3
2019-03-20,98.3
2019-03-21,98.3
2019-03-22,98.3
2019-03-23,98.3
2019-03-24,98.3
2019-03-25,98.3
2019-03-26,98.3
2019-03-27,98.3
2019-03-28,98.3
2019-03-29,98.3
2019-03-30,98.3
2019-03-31,98.3
2019-04-01,89.6
2019-04-02,89.6
2019-04-03,89.6
2019-04-04,89.6
2019-04-05,89.6
2019-04-06,89.6
2019-04-07,89.6
2019-04-08,89.6
2019-04-09,89.6
2019-04-10,89.6
2019-04-11,89.6
2019-04-12,89.6
2019-04-13,89.6
2019-04-14,89.6
2019-04-15,89.6
2019-04-16,89.6
2019-04-17,89.6
2019-04-18,89.6
2019-04-19,89.6
2019-04-20,89.6
2019-04-21,89.6
2019-04-22,89.6
2019-04-23,89.6
2019-04-24,89.6
2019-04-25,89.6
2019-04-26,89.6
2019-04-27,89.6
2019-04-28,89.6
2019-04-29,89.6
2019-04-30,89.6
2019-05-01,101.4
2019-05-02,101.4
2019-05-03,101.4
2019-05-04,101.4
2019-05-05,101.4
2019-05-06,101.4
2019-05-07,101.4
2019-05-08,101.4
2019-05-09,101.4
2019-05-10,101.4
2019-05-11,101.4
2019-05-12,101.4
2019-05-13,101.4
2019-05-14,101.4
2019-05-15,101.4
2019-05-16,101.4
2019-05-17,101.4
2019-05-18,101.4
2019-05-19,101.4
2019-05-20,101.4
2019-05-21,101.4
2019-05-22,101.4
2019-05-23,101.4
2019-05-24,101.4
2019-05-25,101.4
2019-05-26,101.4
2019-05-27,101.4
2019-05-28,101.4
2019-05-29,101.4
2019-05-30,101.4
2019-05-31,101.4
2019-06-01,100.8
2019-06-02,100.8
2019-06-03,100.8
2019-06-04,100.8
2019-06-05,100.8
2019-06-06,100.8
2019-06-07,100.8
2019-06-08,100.8
2019-06-09,100.8
2019-06-10,100.8
2019-06-11,100.8
2019-06-12,100.8
2019-06-13,100.8
2019-06-14,100.8
2019-06-15,100.8
2019-06-16,100.8
2019-06-17,100.8
2019-06-18,100.8
2019-06-19,100.8
2019-06-20,100.8
2019-06-21,100.8
2019-06-22,100.8
2019-06-23,100.8
2019-06-24,100.8
2019-06-25,100.8
2019-06-26,100.8
2019-06-27,100.8
2019-06-28,100.8
2019-06-29,100.8
2019-06-30,100.8
2019-07-01,102.1
2019-07-02,102.1
2019-07-03,102.1
2019-07-04,102.1
2019-07-05,102.1
2019-07-06,102.1
2019-07-07,102.1
2019-07-08,102.1
2019-07-09,102.1
2019-07-10,102.1
2019-07-11,102.1
2019-07-12,102.1
2019-07-13,102.1
2019-07-14,102.1
2019-07-15,102.1
2019-07-16,102.1
2019-07-17,102.1
2019-07-18,102.1
2019-07-19,102.1
2019-07-20,102.1
2019-07-21,102.1
2019-07-22,102.1
2019-07-23,102.1
2019-07-24,102.1
2019-07-25,102.1
2019-07-26,102.1
2019-07-27,102.1
2019-07-28,102.1
2019-07-29,102.1
2019-07-30,102.1
2019-07-31,102.1
2019-08-01,102.0
2019-08-02,102.0
2019-08-03,102.0
2019-08-04,102.0
2019-08-05,102.0
2019-08-06,102.0
2019-08-07,102.0
2019-08-08,102.0
2019-08-09,102.0
2019-08-10,102.0
2019-08-11,102.0
2019-08-12,102.0
2019-08-13,102.0
2019-08-14,102.0
2019-08-15,102.0
2019-08-16,102.0
2019-08-17,102.0
2019-08-18,102.0
2019-08-19,102.0
2019-08-20,102.0
2019-08-21,102.0
2019-08-22,102.0
2019-08-23,102.0
2019-08-24,102.0
2019-08-25,102.0
2019-08-26,102.0
2019-08-27,102.0
2019-08-28,102.0
2019-08-29,102.0
2019-08-30,102.0
2019-08-31,102.0
2019-09-01,101.5
2019-09-02,101.5
2019-09-03,101.5
2019-09-04,101.5
2019-09-05,101.5
2019-09-06,101.5
2019-09-07,101.5
2019-09-08,101.5
2019-09-09,101.5
2019-09-10,101.5
2019-09-11,101.5
2019-09-12,101.5
2019-09-13,101.5
2019-09-14,101.5
2019-09-15,101.5
2019-09-16,101.5
2019-09-17,101.5
2019-09-18,101.5
2019-09-19,101.5
2019-09-20,101.5
2019-09-21,101.5
2019-09-22,101.5
2019-09-23,101.5
2019-09-24,101.5
2019-09-25,101.5
2019-09-26,101.5
2019-09-27,101.5
2019-09-28,101.5
2019-09-29,101.5
2019-09-30,101.5
2019-10-01,99.2
2019-10-02,99.2
2019-10-03,99.2
2019-10-04,99.2
2019-10-05,99.2
2019-10-06,99.2
2019-10-07,99.2
2019-10-08,99.2
2019-10-09,99.2
2019-10-10,99.2
2019-10-11,99.2
2019-10-12,99.2
2019-10-13,99.2
2019-10-14,99.2
2019-10-15,99.2
2019-10-16,99.2
2019-10-17,99.2
2019-10-18,99.2
2019-10-19,99.2
2019-10-20,99.2
2019-10-21,99.2
2019-10-22,99.2
2019-10-23,99.2
2019-10-24,99.2
2019-10-25,99.2
2019-10-26,99.2
2019-10-27,99.2
2019-10-28,99.2
2019-10-29,99.2
2019-10-30,99.2
2019-10-31,99.2
2019-11-01,99.0
2019-11-02,99.0
2019-11-03,99.0
2019-11-04,99.0
2019-11-05,99.0
2019-11-06,99.0
2019-11-07,99.0
2019-11-08,99.0
2019-11-09,99.0
2019-11-10,99.0
2019-11-11,99.0
2019-11-12,99.0
2019-11-13,99.0
2019-11-14,99.0
2019-11-15,99.0
2019-11-16,99.0
2019-11-17,99.0
2019-11-18,99.0
2019-11-19,99.0
2019-11-20,99.0
2019-11-21,99.0
2019-11-22,99.0
2019-11-23,99.0
2019-11-24,99.0
2019-11-25,99.0
2019-11-26,99.0
2019-11-27,99.0
2019-11-28,99.0
2019-11-29,99.0
2019-11-30,99.0
2019-12-01,102.9
2019-12-02,102.9
2019-12-03,102.9
2019-12-04,102.9
2019-12-05,102.9
2019-12-06,102.9
2019-12-07,102.9
2019-12-08,102.9
2019-12-09,102.9
2019-12-10,102.9
2019-12-11,102.9
2019-12-12,102.9
2019-12-13,102.9
2019-12-14,102.9
2019-12-15,102.9
2019-12-16,102.9
2019-12-17,102.9
2019-12-18,102.9
2019-12-19,102.9
2019-12-20,102.9
2019-12-21,102.9
2019-12-22,102.9
2019-12-23,102.9
2019-12-24,102.9
2019-12-25,102.9
2019-12-26,102.9
2019-12-27,102.9
2019-12-28,102.9
2019-12-29,102.9
2019-12-30,102.9
2019-12-31,102.9
2020-01-01,103.4
2020-01-02,103.4
2020-01-03,103.4
2020-01-04,103.4
2020-01-05,103.4
2020-01-06,103.4
2020-01-07,103.4
2020-01-08,103.4
2020-01-09,103.4
2020-01-10,103.4
2020-01-11,103.4
2020-01-12,103.4
2020-01-13,103.4
2020-01-14,103.4
2020-01-15,103.4
2020-01-16,103.4
2020-01-17,103.4
2020-01-18,103.4
2020-01-19,103.4
2020-01-20,103.4
2020-01-21,103.4
2020-01-22,103.4
2020-01-23,103.4
2020-01-24,103.4
2020-01-25,103.4
2020-01-26,103.4
2020-01-27,103.4
2020-01-28,103.4
2020-01-29,103.4
2020-01-30,103.4
2020-01-31,103.4
2020-02-01,112.9
2020-02-02,112.9
2020-02-03,112.9
2020-02-04,112.9
2020-02-05,112.9
2020-02-06,112.9
2020-02-07,112.9
2020-02-08,112.9
2020-02-09,112.9
2020-02-10,112.9
2020-02-11,112.9
2020-02-12,112.9
2020-02-13,112.9
2020-02-14,112.9
2020-02-15,112.9
2020-02-16,112.9
2020-02-17,112.9
2020-02-18,112.9
2020-02-19,112.9
2020-02-20,112.9
2020-02-21,112.9
2020-02-22,112.9
2020-02-23,112.9
2020-02-24,112.9
2020-02-25,112.9
2020-02-26,112.9
2020-02-27,112.9
2020-02-28,112.9
2020-02-29,112.9
2020-03-01,98.2
2020-03-02,98.2
2020-03-03,98.2
2020-03-04,98.2
2020-03-05,98.2
2020-03-06,98.2
2020-03-07,98.2
2020-03-08,98.2
2020-03-09,98.2
2020-03-10,98.2
2020-03-11,98.2
2020-03-12,98.2
2020-03-13,98.2
2020-03-14,98.2
2020-03-15,98.2
2020-03-16,98.2
2020-03-17,98.2
2020-03-18,98.2
2020-03-19,98.2
2020-03-20,98.2
2020-03-21,98.2
2020-03-22,98.2
2020-03-23,98.2
2020-03-24,98.2
2020-03-25,98.2
2020-03-26,98.2
2020-03-27,98.2
2020-03-28,98.2
2020-03-29,98.2
2020-03-30,98.2
2020-03-31,98.2
2020-04-01,94.3
2020-04-02,94.3
2020-04-03,94.3
2020-04-04,94.3
2020-04-05,94.3
2020-04-06,94.3
2020-04-07,94.3
2020-04-08,94.3
2020-04-09,94.3
2020-04-10,94.3
2020-04-11,94.3
2020-04-12,94.3
2020-04-13,94.3
2020-04-14,94.3
2020-04-15,94.3
2020-04-16,94.3
2020-04-17,94.3
2020-04-18,94.3
2020-04-19,94.3
2020-04-20,94.3
2020-04-21,94.3
2020-04-22,94.3
2020-04-23,94.3
2020-04-24,94.3
2020-04-25,94.3
2020-04-26,94.3
2020-04-27,94.3
2020-04-28,94.3
2020-04-29,94.3
2020-04-30,94.3
2020-05-01,102.0
2020-05-02,102.0
2020-05-03,102.0
2020-05-04,102.0
2020-05-05,102.0
2020-05-06,102.0
2020-05-07,102.0
2020-05-08,102.0
2020-05-09,102.0
2020-05-10,102.0
2020-05-11,102.0
2020-05-12,102.0
2020-05-13,102.0
2020-05-14,102.0
2020-05-15,102.0
2020-05-16,102.0
2020-05-17,102.0
2020-05-18,102.0
2020-05-19,102.0
2020-05-20,102.0
2020-05-21,102.0
2020-05-22,102.0
2020-05-23,102.0
2020-05-24,102.0
2020-05-25,102.0
2020-05-26,102.0
2020-05-27,102.0
2020-05-28,102.0
2020-05-29,102.0
2020-05-30,102.0
2020-05-31,102.0
2020-06-01,95.3
2020-06-02,95.3
2020-06-03,95.3
2020-06-04,95.3
2020-06-05,95.3
2020-06-06,95.3
2020-06-07,95.3
2020-06-08,95.3
2020-06-09,95.3
2020-06-10,95.3
2020-06-11,95.3
2020-06-12,95.3
2020-06-13,95.3
2020-06-14,95.3
2020-06-15,95.3
2020-06-16,95.3
2020-06-17,95.3
2020-06-18,95.3
2020-06-19,95.3
2020-06-20,95.3
2020-06-21,95.3
2020-06-22,95.3
2020-06-23,95.3
2020-06-24,95.3
2020-06-25,95.3
2020-06-26,95.3
2020-06-27,95.3
2020-06-28,95.3
2020-06-29,95.3
2020-06-30,95.3
2020-07-01,95.8
2020-07-02,95.8
2020-07-03,95.8
2020-07-04,95.8
2020-07-05,95.8
2020-07-06,95.8
2020-07-07,95.8
2020-07-08,95.8
2020-07-09,95.8
2020-07-10,95.8
2020-07-11,95.8
2020-07-12,95.8
2020-07-13,95.8
2020-07-14,95.8
2020-07-15,95.8
2020-07-16,95.8
2020-07-17,95.8
2020-07-18,95.8
2020-07-19,95.8
2020-07-20,95.8
2020-07-21,95.8
2020-07-22,95.8
2020-07-23,95.8
2020-07-24,95.8
2020-07-25,95.8
2020-07-26,95.8
2020-07-27,95.8
2020-07-28,95.8
2020-07-29,95.8
2020-07-30,95.8
2020-07-31,95.8
2020-08-01,102.2
2020-08-02,102.2
2020-08-03,102.2
2020-08-04,102.2
2020-08-05,102.2
2020-08-06,102.2
2020-08-07,102.2
2020-08-08,102.2
2020-08-09,102.2
2020-08-10,102.2
2020-08-11,102.2
2020-08-12,102.2
2020-08-13,102.2
2020-08-14,102.2
2020-08-15,102.2
2020-08-16,102.2
2020-08-17,102.2
2020-08-18,102.2
2020-08-19,102.2
2020-08-20,102.2
2020-08-21,102.2
2020-08-22,102.2
2020-08-23,102.2
2020-08-24,102.2
2020-08-25,102.2
2020-08-26,102.2
2020-08-27,102.2
2020-08-28,102.2
2020-08-29,102.2
2020-08-30,102.2
2020-08-31,102.2
2020-09-01,99.1
2020-09-02,99.1
2020-09-03,99.1
2020-09-04,99.1
2020-09-05,99.1
2020-09-06,99.1
2020-09-07,99.1
2020-09-08,99.1
2020-09-09,99.1
2020-09-10,99.1
2020-09-11,99.1
2020-09-12,99.1
2020-09-13,99.1
2020-09-14,99.1
2020-09-15,99.1
2020-09-16,99.1
2020-09-17,99.1
2020-09-18,99.1
2020-09-19,99.1
2020-09-20,99.1
2020-09-21,99.1
2020-09-22,99.1
2020-09-23,99.1
2020-09-24,99.1
2020-09-25,99.1
2020-09-26,99.1
2020-09-27,99.1
2020-09-28,99.1
2020-09-29,99.1
2020-09-30,99.1
2020-10-01,95.3
2020-10-02,95.3
2020-10-03,95.3
2020-10-04,95.3
2020-10-05,95.3
2020-10-06,95.3
2020-10-07,95.3
2020-10-08,95.3
2020-10-09,95.3
2020-10-10,95.3
2020-10-11,95.3
2020-10-12,95.3
2020-10-13,95.3
2020-10-14,95.3
2020-10-15,95.3
2020-10-16,95.3
2020-10-17,95.3
2020-10-18,95.3
2020-10-19,95.3
2020-10-20,95.3
2020-10-21,95.3
2020-10-22,95.3
2020-10-23,95.3
2020-10-24,95.3
2020-10-25,95.3
2020-10-26,95.3
2020-10-27,95.3
2020-10-28,95.3
2020-10-29,95.3
2020-10-30,95.3
2020-10-31,95.3
2020-11-01,101.8
2020-11-02,101.8
2020-11-03,101.8
2020-11-04,101.8
2020-11-05,101.8
2020-11-06,101.8
2020-11-07,101.8
2020-11-08,101.8
2020-11-09,101.8
2020-11-10,101.8
2020-11-11,101.8
2020-11-12,101.8
2020-11-13,101.8
2020-11-14,101.8
2020-11-15,101.8
2020-11-16,101.8
2020-11-17,101.8
2020-11-18,101.8
2020-11-19,101.8
2020-11-20,101.8
2020-11-21,101.8
2020-11-22,101.8
2020-11-23,101.8
2020-11-24,101.8
2020-11-25,101.8
2020-11-26,101.8
2020-11-27,101.8
2020-11-28,101.8
2020-11-29,101.8
2020-11-30,101.8
2020-12-01,99.5
2020-12-02,99.5
2020-12-03,99.5
2020-12-04,99.5
2020-12-05,99.5
2020-12-06,99.5
2020-12-07,99.5
2020-12-08,99.5
2020-12-09,99.5
2020-12-10,99.5
2020-12-11,99.5
2020-12-12,99.5
2020-12-13,99.5
2020-12-14,99.5
2020-12-15,99.5
2020-12-16,99.5
2020-12-17,99.5
2020-12-18,99.5
2020-12-19,99.5
2020-12-20,99.5
2020-12-21,99.5
2020-12-22,99.5
2020-12-23,99.5
2020-12-24,99.5
2020-12-25,99.5
2020-12-26,99.5
2020-12-27,99.5
2020-12-28,99.5
2020-12-29,99.5
2020-12-30,99.5
2020-12-31,99.5
2021-01-01,102.7
2021-01-02,102.7
2021-01-03,102.7
2021-01-04,102.7
2021-01-05,102.7
2021-01-06,102.7
2021-01-07,102.7
2021-01-08,102.7
2021-01-09,102.7
2021-01-10,102.7
2021-01-11,102.7
2021-01-12,102.7
2021-01-13,102.7
2021-01-14,102.7
2021-01-15,102.7
2021-01-16,102.7
2021-01-17,102.7
2021-01-18,102.7
2021-01-19,102.7
2021-01-20,102.7
2021-01-21,102.7
2021-01-22,102.7
2021-01-23,102.7
2021-01-24,102.7
2021-01-25,102.7
2021-01-26,102.7
2021-01-27,102.7
2021-01-28,102.7
2021-01-29,102.7
2021-01-30,102.7
2021-01-31,102.7
2021-02-01,113.8
2021-02-02,113.8
2021-02-03,113.8
2021-02-04,113.8
2021-02-05,113.8
2021-02-06,113.8
2021-02-07,113.8
2021-02-08,113.8
2021-02-09,113.8
2021-02-10,113.8
2021-02-11,113.8
2021-02-12,113.8
2021-02-13,113.8
2021-02-14,113.8
2021-02-15,113.8
2021-02-16,113.8
2021-02-17,113.8
2021-02-18,113.8
2021-02-19,113.8
2021-02-20,113.8
2021-02-21,113.8
2021-02-22,113.8
2021-02-23,113.8
2021-02-24,113.8
2021-02-25,113.8
2021-02-26,113.8
2021-02-27,113.8
2021-02-28,113.8
2021-03-01,98.1
2021-03-02,98.1
2021-03-03,98.1
2021-03-04,98.1
2021-03-05,98.1
2021-03-06,98.1
2021-03-07,98.1
2021-03-08,98.1
2021-03-09,98.1
2021-03-10,98.1
2021-03-11,98.1
2021-03-12,98.1
2021-03-13,98.1
2021-03-14,98.1
2021-03-15,98.1
2021-03-16,98.1
2021-03-17,98.1
2021-03-18,98.1
2021-03-19,98.1
2021-03-20,98.1
2021-03-21,98.1
2021-03-22,98.1
2021-03-23,98.1
2021-03-24,98.1
2021-03-25,98.1
2021-03-26,98.1
2021-03-27,98.1
2021-03-28,98.1
2021-03-29,98.1
2021-03-30,98.1
2021-03-31,98.1
2021-04-01,94.5
2021-04-02,94.5
2021-04-03,94.5
2021-04-04,94.5
2021-04-05,94.5
2021-04-06,94.5
2021-04-07,94.5
2021-04-08,94.5
2021-04-09,94.5
2021-04-10,94.5
2021-04-11,94.5
2021-04-12,94.5
2021-04-13,94.5
2021-04-14,94.5
2021-04-15,94.5
2021-04-16,94.5
2021-04-17,94.5
2021-04-18,94.5
2021-04-19,94.5
2021-04-20,94.5
2021-04-21,94.5
2021-04-22,94.5
2021-04-23,94.5
2021-04-24,94.5
2021-04-25,94.5
2021-04-26,94.5
2021-04-27,94.5
2021-04-28,94.5
2021-04-29,94.5
2021-04-30,94.5
2021-05-01,108.3
2021-05-02,108.3
2021-05-03,108.3
2021-05-04,108.3
2021-05-05,108.3
2021-05-06,108.3
2021-05-07,108.3
2021-05-08,108.3
2021-05-09,108.3
2021-05-10,108.3
2021-05-11,108.3
2021-05-12,108.3
2021-05-13,108.3
2021-05-14,108.3
2021-05-15,108.3
2021-05-16,108.3
2021-05-17,108.3
2021-05-18,108.3
2021-05-19,108.3
2021-05-20,108.3
2021-05-21,108.3
2021-05-22,108.3
2021-05-23,108.3
2021-05-24,108.3
2021-05-25,108.3
2021-05-26,108.3
2021-05-27,108.3
2021-05-28,108.3
2021-05-29,108.3
2021-05-30,108.3
2021-05-31,108.3
2021-06-01,103.7
2021-06-02,103.7
2021-06-03,103.7
2021-06-04,103.7
2021-06-05,103.7
2021-06-06,103.7
2021-06-07,103.7
2021-06-08,103.7
2021-06-09,103.7
2021-06-10,103.7
2021-06-11,103.7
2021-06-12,103.7
2021-06-13,103.7
2021-06-14,103.7
2021-06-15,103.7
2021-06-16,103.7
2021-06-17,103.7
2021-06-18,103.7
2021-06-19,103.7
2021-06-20,103.7
2021-06-21,103.7
2021-06-22,103.7
2021-06-23,103.7
2021-06-24,103.7
2021-06-25,103.7
2021-06-26,103.7
2021-06-27,103.7
2021-06-28,103.7
2021-06-29,103.7
2021-06-30,103.7
2021-07-01,103.2
2021-07-02,103.2
2021-07-03,103.2
2021-07-04,103.2
2021-07-05,103.2
2021-07-06,103.2
2021-07-07,103.2
2021-07-08,103.2
2021-07-09,103.2
2021-07-10,103.2
2021-07-11,103.2
2021-07-12,103.2
2021-07-13,103.2
2021-07-14,103.2
2021-07-15,103.2
2021-07-16,103.2
2021-07-17,103.2
2021-07-18,103.2
2021-07-19,103.2
2021-07-20,103.2
2021-07-21,103.2
2021-07-22,103.2
2021-07-23,103.2
2021-07-24,103.2
2021-07-25,103.2
2021-07-26,103.2
2021-07-27,103.2
2021-07-28,103.2
2021-07-29,103.2
2021-07-30,103.2
2021-07-31,103.2
2021-08-01,109.7
2021-08-02,109.7
2021-08-03,109.7
2021-08-04,109.7
2021-08-05,109.7
2021-08-06,109.7
2021-08-07,109.7
2021-08-08,109.7
2021-08-09,109.7
2021-08-10,109.7
2021-08-11,109.7
2021-08-12,109.7
2021-08-13,109.7
2021-08-14,109.7
2021-08-15,109.7
2021-08-16,109.7
2021-08-17,109.7
2021-08-18,109.7
2021-08-19,109.7
2021-08-20,109.7
2021-08-21,109.7
2021-08-22,109.7
2021-08-23,109.7
2021-08-24,109.7
2021-08-25,109.7
2021-08-26,109.7
2021-08-27,109.7
2021-08-28,109.7
2021-08-29,109.7
2021-08-30,109.7
2021-08-31,109.7
2021-09-01,104.2
2021-09-02,104.2
2021-09-03,104.2
2021-09-04,104.2
2021-09-05,104.2
2021-09-06,104.2
2021-09-07,104.2
2021-09-08,104.2
2021-09-09,104.2
2021-09-10,104.2
2021-09-11,104.2
2021-09-12,104.2
2021-09-13,104.2
2021-09-14,104.2
2021-09-15,104.2
2021-09-16,104.2
2021-09-17,104.2
2021-09-18,104.2
2021-09-19,104.2
2021-09-20,104.2
2021-09-21,104.2
2021-09-22,104.2
2021-09-23,104.2
2021-09-24,104.2
2021-09-25,104.2
2021-09-26,104.2
2021-09-27,104.2
2021-09-28,104.2
2021-09-29,104.2
2021-09-30,104.2
2021-10-01,101.5
2021-10-02,101.5
2021-10-03,101.5
2021-10-04,101.5
2021-10-05,101.5
2021-10-06,101.5
2021-10-07,101.5
2021-10-08,101.5
2021-10-09,101.5
2021-10-10,101.5
2021-10-11,101.5
2021-10-12,101.5
2021-10-13,101.5
2021-10-14,101.5
2021-10-15,101.5
2021-10-16,101.5
2021-10-17,101.5
2021-10-18,101.5
2021-10-19,101.5
2021-10-20,101.5
2021-10-21,101.5
2021-10-22,101.5
2021-10-23,101.5
2021-10-24,101.5
2021-10-25,101.5
2021-10-26,101.5
2021-10-27,101.5
2021-10-28,101.5
2021-10-29,101.5
2021-10-30,101.5
2021-10-31,101.5
2021-11-01,104.6
2021-11-02,104.6
2021-11-03,104.6
2021-11-04,104.6
2021-11-05,104.6
2021-11-06,104.6
2021-11-07,104.6
2021-11-08,104.6
2021-11-09,104.6
2021-11-10,104.6
2021-11-11,104.6
2021-11-12,104.6
2021-11-13,104.6
2021-11-14,104.6
2021-11-15,104.6
2021-11-16,104.6
2021-11-17,104.6
2021-11-18,104.6
2021-11-19,104.6
2021-11-20,104.6
2021-11-21,104.6
2021-11-22,104.6
2021-11-23,104.6
2021-11-24,104.6
2021-11-25,104.6
2021-11-26,104.6
2021-11-27,104.6
2021-11-28,104.6
2021-11-29,104.6
2021-11-30,104.6
2021-12-01,105.3
2021-12-02,105.3
2021-12-03,105.3
2021-12-04,105.3
2021-12-05,105.3
2021-12-06,105.3
2021-12-07,105.3
2021-12-08,105.3
2021-12-09,105.3
2021-12-10,105.3
2021-12-11,105.3
2021-12-12,105.3
2021-12-13,105.3
2021-12-14,105.3
2021-12-15,105.3
2021-12-16,105.3
2021-12-17,105.3
2021-12-18,105.3
2021-12-19,105.3
2021-12-20,105.3
2021-12-21,105.3
2021-12-22,105.3
2021-12-23,105.3
2021-12-24,105.3
2021-12-25,105.3
2021-12-26,105.3
2021-12-27,105.3
2021-12-28,105.3
2021-12-29,105.3
2021-12-30,105.3
2021-12-31,105.3
2022-01-01,109.2
2022-01-02,109.2
2022-01-03,109.2
2022-01-04,109.2
2022-01-05,109.2
2022-01-06,109.2
2022-01-07,109.2
2022-01-08,109.2
2022-01-09,109.2
2022-01-10,109.2
2022-01-11,109.2
2022-01-12,109.2
2022-01-13,109.2
2022-01-14,109.2
2022-01-15,109.2
2022-01-16,109.2
2022-01-17,109.2
2022-01-18,109.2
2022-01-19,109.2
2022-01-20,109.2
2022-01-21,109.2
2022-01-22,109.2
2022-01-23,109.2
2022-01-24,109.2
2022-01-25,109.2
2022-01-26,109.2
2022-01-27,109.2
2022-01-28,109.2
2022-01-29,109.2
2022-01-30,109.2
2022-01-31,109.2
2022-02-01,123.5
2022-02-02,123.5
2022-02-03,123.5
2022-02-04,123.5
2022-02-05,123.5
2022-02-06,123.5
2022-02-07,123.5
2022-02-08,123.5
2022-02-09,123.5
2022-02-10,123.5
2022-02-11,123.5
2022-02-12,123.5
2022-02-13,123.5
2022-02-14,123.5
2022-02-15,123.5
2022-02-16,123.5
2022-02-17,123.5
2022-02-18,123.5
2022-02-19,123.5
2022-02-20,123.5
2022-02-21,123.5
2022-02-22,123.5
2022-02-23,123.5
2022-02-24,123.5
2022-02-25,123.5
2022-02-26,123.5
2022-02-27,123.5
2022-02-28,123.5
2022-03-01,104.8
2022-03-02,104.8
2022-03-03,104.8
2022-03-04,104.8
2022-03-05,104.8
2022-03-06,104.8
2022-03-07,104.8
2022-03-08,104.8
2022-03-09,104.8
2022-03-10,104.8
2022-03-11,104.8
2022-03-12,104.8
2022-03-13,104.8
2022-03-14,104.8
2022-03-15,104.8
2022-03-16,104.8
2022-03-17,104.8
2022-03-18,104.8
2022-03-19,104.8
2022-03-20,104.8
2022-03-21,104.8
2022-03-22,104.8
2022-03-23,104.8
2022-03-24,104.8
2022-03-25,104.8
2022-03-26,104.8
2022-03-27,104.8
2022-03-28,104.8
2022-03-29,104.8
2022-03-30,104.8
2022-03-31,104.8
2022-04-01,99.3
2022-04-02,99.3
2022-04-03,99.3
2022-04-04,99.3
2022-04-05,99.3
2022-04-06,99.3
2022-04-07,99.3
2022-04-08,99.3
2022-04-09,99.3
2022-04-10,99.3
2022-04-11,99.3
2022-04-12,99.3
2022-04-13,99.3
2022-04-14,99.3
2022-04-15,99.3
2022-04-16,99.3
2022-04-17,99.3
2022-04-18,99.3
2022-04-19,99.3
2022-04-20,99.3
2022-04-21,99.3
2022-04-22,99.3
2022-04-23,99.3
2022-04-24,99.3
2022-04-25,99.3
2022-04-26,99.3
2022-04-27,99.3
2022-04-28,99.3
2022-04-29,99.3
2022-04-30,99.3
2022-05-01,113.1
2022-05-02,113.1
2022-05-03,113.1
2022-05-04,113.1
2022-05-05,113.1
2022-05-06,113.1
2022-05-07,113.1
2022-05-08,113.1
2022-05-09,113.1
2022-05-10,113.1
2022-05-11,113.1
2022-05-12,113.1
2022-05-13,113.1
2022-05-14,113.1
2022-05-15,113.1
2022-05-16,113.1
2022-05-17,113.1
2022-05-18,113.1
2022-05-19,113.1
2022-05-20,113.1
2022-05-21,113.1
2022-05-22,113.1
2022-05-23,113.1
2022-05-24,113.1
2022-05-25,113.1
2022-05-26,113.1
2022-05-27,113.1
2022-05-28,113.1
2022-05-29,113.1
2022-05-30,113.1
2022-05-31,113.1
2022-06-01,109.9
2022-06-02,109.9
2022-06-03,109.9
2022-06-04,109.9
2022-06-05,109.9
2022-06-06,109.9
2022-06-07,109.9
2022-06-08,109.9
2022-06-09,109.9
2022-06-10,109.9
2022-06-11,109.9
2022-06-12,109.9
2022-06-13,109.9
2022-06-14,109.9
2022-06-15,109.9
2022-06-16,109.9
2022-06-17,109.9
2022-06-18,109.9
2022-06-19,109.9
2022-06-20,109.9
2022-06-21,109.9
2022-06-22,109.9
2022-06-23,109.9
2022-06-24,109.9
2022-06-25,109.9
2022-06-26,109.9
2022-06-27,109.9
2022-06-28,109.9
2022-06-29,109.9
2022-06-30,109.9
2022-07-01,111.4
2022-07-02,111.4
2022-07-03,111.4
2022-07-04,111.4
2022-07-05,111.4
2022-07-06,111.4
2022-07-07,111.4
2022-07-08,111.4
2022-07-09,111.4
2022-07-10,111.4
2022-07-11,111.4
2022-07-12,111.4
2022-07-13,111.4
2022-07-14,111.4
2022-07-15,111.4
2022-07-16,111.4
2022-07-17,111.4
2022-07-18,111.4
2022-07-19,111.4
2022-07-20,111.4
2022-07-21,111.4
2022-07-22,111.4
2022-07-23,111.4
2022-07-24,111.4
2022-07-25,111.4
2022-07-26,111.4
2022-07-27,111.4
2022-07-28,111.4
2022-07-29,111.4
2022-07-30,111.4
2022-07-31,111.4
2022-08-01,114.6
2022-08-02,114.6
2022-08-03,114.6
2022-08-04,114.6
2022-08-05,114.6
2022-08-06,114.6
2022-08-07,114.6
2022-08-08,114.6
2022-08-09,114.6
2022-08-10,114.6
2022-08-11,114.6
2022-08-12,114.6
2022-08-13,114.6
2022-08-14,114.6
2022-08-15,114.6
2022-08-16,114.6
2022-08-17,114.6
2022-08-18,114.6
2022-08-19,114.6
2022-08-20,114.6
2022-08-21,114.6
2022-08-22,114.6
2022-08-23,114.6
2022-08-24,114.6
2022-08-25,114.6
2022-08-26,114.6
2022-08-27,114.6
2022-08-28,114.6
2022-08-29,114.6
2022-08-30,114.6
2022-08-31,114.6
2022-09-01,109.6
2022-09-02,109.6
2022-09-03,109.6
2022-09-04,109.6
2022-09-05,109.6
2022-09-06,109.6
2022-09-07,109.6
2022-09-08,109.6
2022-09-09,109.6
2022-09-10,109.6
2022-09-11,109.6
2022-09-12,109.6
2022-09-13,109.6
2022-09-14,109.6
2022-09-15,109.6
2022-09-16,109.6
2022-09-17,109.6
2022-09-18,109.6
2022-09-19,109.6
2022-09-20,109.6
2022-09-21,109.6
2022-09-22,109.6
2022-09-23,109.6
2022-09-24,109.6
2022-09-25,109.6
2022-09-26,109.6
2022-09-27,109.6
2022-09-28,109.6
2022-09-29,109.6
2022-09-30,109.6
2022-10-01,107.8
2022-10-02,107.8
2022-10-03,107.8
2022-10-04,107.8
2022-10-05,107.8
2022-10-06,107.8
2022-10-07,107.8
2022-10-08,107.8
2022-10-09,107.8
2022-10-10,107.8
2022-10-11,107.8
2022-10-12,107.8
2022-10-13,107.8
2022-10-14,107.8
2022-10-15,107.8
2022-10-16,107.8
2022-10-17,107.8
2022-10-18,107.8
2022-10-19,107.8
2022-10-20,107.8
2022-10-21,107.8
2022-10-22,107.8
2022-10-23,107.8
2022-10-24,107.8
2022-10-25,107.8
2022-10-26,107.8
2022-10-27,107.8
2022-10-28,107.8
2022-10-29,107.8
2022-10-30,107.8
2022-10-31,107.8
2022-11-01,109.2
2022-11-02,109.2
2022-11-03,109.2
2022-11-04,109.2
2022-11-05,109.2
2022-11-06,109.2
2022-11-07,109.2
2022-11-08,109.2
2022-11-09,109.2
2022-11-10,109.2
2022-11-11,109.2
2022-11-12,109.2
2022-11-13,109.2
2022-11-14,109.2
2022-11-15,109.2
2022-11-16,109.2
2022-11-17,109.2
2022-11-18,109.2
2022-11-19,109.2
2022-11-20,109.2
2022-11-21,109.2
2022-11-22,109.2
2022-11-23,109.2
2022-11-24,109.2
2022-11-25,109.2
2022-11-26,109.2
2022-11-27,109.2
2022-11-28,109.2
2022-11-29,109.2
2022-11-30,109.2
2022-12-01,109.4
2022-12-02,109.4
2022-12-03,109.4
2022-12-04,109.4
2022-12-05,109.4
2022-12-06,109.4
2022-12-07,109.4
2022-12-08,109.4
2022-12-09,109.4
2022-12-10,109.4
2022-12-11,109.4
2022-12-12,109.4
2022-12-13,109.4
2022-12-14,109.4
2022-12-15,109.4
2022-12-16,109.4
2022-12-17,109.4
2022-12-18,109.4
2022-12-19,109.4
2022-12-20,109.4
2022-12-21,109.4
2022-12-22,109.4
2022-12-23,109.4
2022-12-24,109.4
2022-12-25,109.4
2022-12-26,109.4
2022-12-27,109.4
2022-12-28,109.4
2022-12-29,109.4
2022-12-30,109.4
2022-12-31,109.4
2023-01-01,111.9
2023-01-02,111.9
2023-01-03,111.9
2023-01-04,111.9
2023-01-05,111.9
2023-01-06,111.9
2023-01-07,111.9
2023-01-08,111.9
2023-01-09,111.9
2023-01-10,111.9
2023-01-11,111.9
2023-01-12,111.9
2023-01-13,111.9
2023-01-14,111.9
2023-01-15,111.9
2023-01-16,111.9
2023-01-17,111.9
2023-01-18,111.9
2023-01-19,111.9
2023-01-20,111.9
2023-01-21,111.9
2023-01-22,111.9
2023-01-23,111.9
2023-01-24,111.9
2023-01-25,111.9
2023-01-26,111.9
2023-01-27,111.9
2023-01-28,111.9
2023-01-29,111.9
2023-01-30,111.9
2023-01-31,111.9
2023-02-01,125.8
2023-02-02,125.8
2023-02-03,125.8
2023-02-04,125.8
2023-02-05,125.8
2023-02-06,125.8
2023-02-07,125.8
2023-02-08,125.8
2023-02-09,125.8
2023-02-10,125.8
2023-02-11,125.8
2023-02-12,125.8
2023-02-13,125.8
2023-02-14,125.8
2023-02-15,125.8
2023-02-16,125.8
2023-02-17,125.8
2023-02-18,125.8
2023-02-19,125.8
2023-02-20,125.8
2023-02-21,125.8
2023-02-22,125.8
2023-02-23,125.8
2023-02-24,125.8
2023-02-25,125.8
2023-02-26,125.8
2023-02-27,125.8
2023-02-28,125.8
2023-03-01,103.3
2023-03-02,103.3
2023-03-03,103.3
2023-03-04,103.3
2023-03-05,103.3
2023-03-06,103.3
2023-03-07,103.3
2023-03-08,103.3
2023-03-09,103.3
2023-03-10,103.3
2023-03-11,103.3
2023-03-12,103.3
2023-03-13,103.3
2023-03-14,103.3
2023-03-15,103.3
2023-03-16,103.3
2023-03-17,103.3
2023-03-18,103.3
2023-03-19,103.3
2023-03-20,103.3
2023-03-21,103.3
2023-03-22,103.3
2023-03-23,103.3
2023-03-24,103.3
2023-03-25,103.3
2023-03-26,103.3
2023-03-27,103.3
2023-03-28,103.3
2023-03-29,103.3
2023-03-30,103.3
2023-03-31,103.3
2023-04-01,103.2
2023-04-02,103.2
2023-04-03,103.2
2023-04-04,103.2
2023-04-05,103.2
2023-04-06,103.2
2023-04-07,103.2
2023-04-08,103.2
2023-04-09,103.2
2023-04-10,103.2
2023-04-11,103.2
2023-04-12,103.2
2023-04-13,103.2
2023-04-14,103.2
2023-04-15,103.2
2023-04-16,103.2
2023-04-17,103.2
2023-04-18,103.2
2023-04-19,103.2
2023-04-20,103.2
2023-04-21,103.2
2023-04-22,103.2
2023-04-23,103.2
2023-04-24,103.2
2023-04-25,103.2
2023-04-26,103.2
2023-04-27,103.2
2023-04-28,103.2
2023-04-29,103.2
2023-04-30,103.2
2023-05-01,115.6
2023-05-02,115.6
2023-05-03,115.6
2023-05-04,115.6
2023-05-05,115.6
2023-05-06,115.6
2023-05-07,115.6
2023-05-08,115.6
2023-05-09,115.6
2023-05-10,115.6
2023-05-11,115.6
2023-05-12,115.6
2023-05-13,115.6
2023-05-14,115.6
2023-05-15,115.6
2023-05-16,115.6
2023-05-17,115.6
2023-05-18,115.6
2023-05-19,115.6
2023-05-20,115.6
2023-05-21,115.6
2023-05-22,115.6
2023-05-23,115.6
2023-05-24,115.6
2023-05-25,115.6
2023-05-26,115.6
2023-05-27,115.6
2023-05-28,115.6
2023-05-29,115.6
2023-05-30,115.6
2023-05-31,115.6
2023-06-01,108.7
2023-06-02,108.7
2023-06-03,108.7
2023-06-04,108.7
2023-06-05,108.7
2023-06-06,108.7
2023-06-07,108.7
2023-06-08,108.7
2023-06-09,108.7
2023-06-10,108.7
2023-06-11,108.7
2023-06-12,108.7
2023-06-13,108.7
2023-06-14,108.7
2023-06-15,108.7
2023-06-16,108.7
2023-06-17,108.7
2023-06-18,108.7
2023-06-19,108.7
2023-06-20,108.7
2023-06-21,108.7
2023-06-22,108.7
2023-06-23,108.7
2023-06-24,108.7
2023-06-25,108.7
2023-06-26,108.7
2023-06-27,108.7
2023-06-28,108.7
2023-06-29,108.7
2023-06-30,108.7
2023-07-01,111.1
2023-07-02,111.1
2023-07-03,111.1
2023-07-04,111.1
2023-07-05,111.1
2023-07-06,111.1
2023-07-07,111.1
2023-07-08,111.1
2023-07-09,111.1
2023-07-10,111.1
2023-07-11,111.1
2023-07-12,111.1
2023-07-13,111.1
2023-07-14,111.1
2023-07-15,111.1
2023-07-16,111.1
2023-07-17,111.1
2023-07-18,111.1
2023-07-19,111.1
2023-07-20,111.1
2023-07-21,111.1
2023-07-22,111.1
2023-07-23,111.1
2023-07-24,111.1
2023-07-25,111.1
2023-07-26,111.1
2023-07-27,111.1
2023-07-28,111.1
2023-07-29,111.1
2023-07-30,111.1
2023-07-31,111.1
2023-08-01,116.0
2023-08-02,116.0
2023-08-03,116.0
2023-08-04,116.0
2023-08-05,116.0
2023-08-06,116.0
2023-08-07,116.0
2023-08-08,116.0
2023-08-09,116.0
2023-08-10,116.0
2023-08-11,116.0
2023-08-12,116.0
2023-08-13,116.0
2023-08-14,116.0
2023-08-15,116.0
2023-08-16,116.0
2023-08-17,116.0
2023-08-18,116.0
2023-08-19,116.0
2023-08-20,116.0
2023-08-21,116.0
2023-08-22,116.0
2023-08-23,116.0
2023-08-24,116.0
2023-08-25,116.0
2023-08-26,116.0
2023-08-27,116.0
2023-08-28,116.0
2023-08-29,116.0
2023-08-30,116.0
2023-08-31,116.0
2023-09-01,109.1
2023-09-02,109.1
2023-09-03,109.1
2023-09-04,109.1
2023-09-05,109.1
2023-09-06,109.1
2023-09-07,109.1
2023-09-08,109.1
2023-09-09,109.1
2023-09-10,109.1
2023-09-11,109.1
2023-09-12,109.1
2023-09-13,109.1
2023-09-14,109.1
2023-09-15,109.1
2023-09-16,109.1
2023-09-17,109.1
2023-09-18,109.1
2023-09-19,109.1
2023-09-20,109.1
2023-09-21,109.1
2023-09-22,109.1
2023-09-23,109.1
2023-09-24,109.1
2023-09-25,109.1
2023-09-26,109.1
2023-09-27,109.1
2023-09-28,109.1
2023-09-29,109.1
2023-09-30,109.1
2023-10-01,109.8
2023-10-02,109.8
2023-10-03,109.8
2023-10-04,109.8
2023-10-05,109.8
2023-10-06,109.8
2023-10-07,109.8
2023-10-08,109.8
2023-10-09,109.8
2023-10-10,109.8
2023-10-11,109.8
2023-10-12,109.8
2023-10-13,109.8
2023-10-14,109.8
2023-10-15,109.8
2023-10-16,109.8
2023-10-17,109.8
2023-10-18,109.8
2023-10-19,109.8
2023-10-20,109.8
2023-10-21,109.8
2023-10-22,109.8
2023-10-23,109.8
2023-10-24,109.8
2023-10-25,109.8
2023-10-26,109.8
2023-10-27,109.8
2023-10-28,109.8
2023-10-29,109.8
2023-10-30,109.8
2023-10-31,109.8
2023-11-01,112.7
2023-11-02,112.7
2023-11-03,112.7
2023-11-04,112.7
2023-11-05,112.7
2023-11-06,112.7
2023-11-07,112.7
2023-11-08,112.7
2023-11-09,112.7
2023-11-10,112.7
2023-11-11,112.7
2023-11-12,112.7
2023-11-13,112.7
2023-11-14,112.7
2023-11-15,112.7
2023-11-16,112.7
2023-11-17,112.7
2023-11-18,112.7
2023-11-19,112.7
2023-11-20,112.7
2023-11-21,112.7
2023-11-22,112.7
2023-11-23,112.7
2023-11-24,112.7
2023-11-25,112.7
2023-11-26,112.7
2023-11-27,112.7
2023-11-28,112.7
2023-11-29,112.7
2023-11-30,112.7
2023-12-01,111.3
2023-12-02,111.3
2023-12-03,111.3
2023-12-04,111.3
2023-12-05,111.3
2023-12-06,111.3
2023-12-07,111.3
2023-12-08,111.3
2023-12-09,111.3
2023-12-10,111.3
2023-12-11,111.3
2023-12-12,111.3
2023-12-13,111.3
2023-12-14,111.3
2023-12-15,111.3
2023-12-16,111.3
2023-12-17,111.3
2023-12-18,111.3
2023-12-19,111.3
2023-12-20,111.3
2023-12-21,111.3
2023-12-22,111.3
2023-12-23,111.3
2023-12-24,111.3
2023-12-25,111.3
2023-12-26,111.3
2023-12-27,111.3
2023-12-28,111.3
2023-12-29,111.3
2023-12-30,111.3
2023-12-31,111.3
2024-01-01,114.9
2024-01-02,114.9
2024-01-03,114.9
2024-01-04,114.9
2024-01-05,114.9
2024-01-06,114.9
2024-01-07,114.9
2024-01-08,114.9
2024-01-09,114.9
2024-01-10,114.9
2024-01-11,114.9
2024-01-12,114.9
2024-01-13,114.9
2024-01-14,114.9
2024-01-15,114.9
2024-01-16,114.9
2024-01-17,114.9
2024-01-18,114.9
2024-01-19,114.9
2024-01-20,114.9
2024-01-21,114.9
2024-01-22,114.9
2024-01-23,114.9
2024-01-24,114.9
2024-01-25,114.9
2024-01-26,114.9
2024-01-27,114.9
2024-01-28,114.9
2024-01-29,114.9
2024-01-30,114.9
2024-01-31,114.9
2024-02-01,126.8
2024-02-02,126.8
2024-02-03,126.8
2024-02-04,126.8
2024-02-05,126.8
2024-02-06,126.8
2024-02-07,126.8
2024-02-08,126.8
2024-02-09,126.8
2024-02-10,126.8
2024-02-11,126.8
2024-02-12,126.8
2024-02-13,126.8
2024-02-14,126.8
2024-02-15,126.8
2024-02-16,126.8
2024-02-17,126.8
2024-02-18,126.8
2024-02-19,126.8
2024-02-20,126.8
2024-02-21,126.8
2024-02-22,126.8
2024-02-23,126.8
2024-02-24,126.8
2024-02-25,126.8
2024-02-26,126.8
2024-02-27,126.8
2024-02-28,126.8
2024-02-29,126.8
2024-03-01,110.5
2024-03-02,110.5
2024-03-03,110.5
2024-03-04,110.5
2024-03-05,110.5
2024-03-06,110.5
2024-03-07,110.5
2024-03-08,110.5
2024-03-09,110.5
2024-03-10,110.5
2024-03-11,110.5
2024-03-12,110.5
2024-03-13,110.5
2024-03-14,110.5
2024-03-15,110.5
2024-03-16,110.5
2024-03-17,110.5
2024-03-18,110.5
2024-03-19,110.5
2024-03-20,110.5
2024-03-21,110.5
2024-03-22,110.5
2024-03-23,110.5
2024-03-24,110.5
2024-03-25,110.5
2024-03-26,110.5
2024-03-27,110.5
2024-03-28,110.5
2024-03-29,110.5
2024-03-30,110.5
2024-03-31,110.5
2024-04-01,105.4
2024-04-02,105.4
2024-04-03,105.4
2024-04-04,105.4
2024-04-05,105.4
2024-04-06,105.4
2024-04-07,105.4
2024-04-08,105.4
2024-04-09,105.4
2024-04-10,105.4
2024-04-11,105.4
2024-04-12,105.4
2024-04-13,105.4
2024-04-14,105.4
2024-04-15,105.4
2024-04-16,105.4
2024-04-17,105.4
2024-04-18,105.4
2024-04-19,105.4
2024-04-20,105.4
2024-04-21,105.4
2024-04-22,105.4
2024-04-23,105.4
2024-04-24,105.4
2024-04-25,105.4
2024-04-26,105.4
2024-04-27,105.4
2024-04-28,105.4
2024-04-29,105.4
2024-04-30,105.4
2024-05-01,115.8
2024-05-02,115.8
2024-05-03,115.8
2024-05-04,115.8
2024-05-05,115.8
2024-05-06,115.8
2024-05-07,115.8
2024-05-08,115.8
2024-05-09,115.8
2024-05-10,115.8
2024-05-11,115.8
2024-05-12,115.8
2024-05-13,115.8
2024-05-14,115.8
2024-05-15,115.8
2024-05-16,115.8
2024-05-17,115.8
2024-05-18,115.8
2024-05-19,115.8
2024-05-20,115.8
2024-05-21,115.8
2024-05-22,115.8
2024-05-23,115.8
2024-05-24,115.8
2024-05-25,115.8
2024-05-26,115.8
2024-05-27,115.8
2024-05-28,115.8
2024-05-29,115.8
2024-05-30,115.8
2024-05-31,115.8
2024-06-01,113.1
2024-06-02,113.1
2024-06-03,113.1
2024-06-04,113.1
2024-06-05,113.1
2024-06-06,113.1
2024-06-07,113.1
2024-06-08,113.1
2024-06-09,113.1
2024-06-10,113.1
2024-06-11,113.1
2024-06-12,113.1
2024-06-13,113.1
2024-06-14,113.1
2024-06-15,113.1
2024-06-16,113.1
2024-06-17,113.1
2024-06-18,113.1
2024-06-19,113.1
2024-06-20,113.1
2024-06-21,113.1
2024-06-22,113.1
2024-06-23,113.1
2024-06-24,113.1
2024-06-25,113.1
2024-06-26,113.1
2024-06-27,113.1
2024-06-28,113.1
2024-06-29,113.1
2024-06-30,113.1
2024-07-01,113.7
2024-07-02,113.7
2024-07-03,113.7
2024-07-04,113.7
2024-07-05,113.7
2024-07-06,113.7
2024-07-07,113.7
2024-07-08,113.7
2024-07-09,113.7
2024-07-10,113.7
2024-07-11,113.7
2024-07-12,113.7
2024-07-13,113.7
2024-07-14,113.7
2024-07-15,113.7
2024-07-16,113.7
2024-07-17,113.7
2024-07-18,113.7
2024-07-19,113.7
2024-07-20,113.7
2024-07-21,113.7
2024-07-22,113.7
2024-07-23,113.7
2024-07-24,113.7
2024-07-25,113.7
2024-07-26,113.7
2024-07-27,113.7
2024-07-28,113.7
2024-07-29,113.7
2024-07-30,113.7
2024-07-31,113.7
2024-08-01,116.1
2024-08-02,116.1
2024-08-03,116.1
2024-08-04,116.1
2024-08-05,116.1
2024-08-06,116.1
2024-08-07,116.1
2024-08-08,116.1
2024-08-09,116.1
2024-08-10,116.1
2024-08-11,116.1
2024-08-12,116.1
2024-08-13,116.1
2024-08-14,116.1
2024-08-15,116.1
2024-08-16,116.1
2024-08-17,116.1
2024-08-18,116.1
2024-08-19,116.1
2024-08-20,116.1
2024-08-21,116.1
2024-08-22,116.1
2024-08-23,116.1
2024-08-24,116.1
2024-08-25,116.1
2024-08-26,116.1
2024-08-27,116.1
2024-08-28,116.1
2024-08-29,116.1
2024-08-30,116.1
2024-08-31,116.1
2024-09-01,111.3
2024-09-02,111.3
2024-09-03,111.3
2024-09-04,111.3
2024-09-05,111.3
2024-09-06,111.3
2024-09-07,111.3
2024-09-08,111.3
2024-09-09,111.3
2024-09-10,111.3
2024-09-11,111.3
2024-09-12,111.3
2024-09-13,111.3
2024-09-14,111.3
2024-09-15,111.3
2024-09-16,111.3
2024-09-17,111.3
2024-09-18,111.3
2024-09-19,111.3
2024-09-20,111.3
2024-09-21,111.3
2024-09-22,111.3
2024-09-23,111.3
2024-09-24,111.3
2024-09-25,111.3
2024-09-26,111.3
2024-09-27,111.3
2024-09-28,111.3
2024-09-29,111.3
2024-09-30,111.3
2024-10-01,111.0
2024-10-02,111.0
2024-10-03,111.0
2024-10-04,111.0
2024-10-05,111.0
2024-10-06,111.0
2024-10-07,111.0
2024-10-08,111.0
2024-10-09,111.0
2024-10-10,111.0
2024-10-11,111.0
2024-10-12,111.0
2024-10-13,111.0
2024-10-14,111.0
2024-10-15,111.0
2024-10-16,111.0
2024-10-17,111.0
2024-10-18,111.0
2024-10-19,111.0
2024-10-20,111.0
2024-10-21,111.0
2024-10-22,111.0
2024-10-23,111.0
2024-10-24,111.0
2024-10-25,111.0
2024-10-26,111.0
2024-10-27,111.0
2024-10-28,111.0
2024-10-29,111.0
2024-10-30,111.0
2024-10-31,111.0
2024-11-01,110.9
2024-11-02,110.9
2024-11-03,110.9
2024-11-04,110.9
2024-11-05,110.9
2024-11-06,110.9
2024-11-07,110.9
2024-11-08,110.9
2024-11-09,110.9
2024-11-10,110.9
2024-11-11,110.9
2024-11-12,110.9
2024-11-13,110.9
2024-11-14,110.9
2024-11-15,110.9
2024-11-16,110.9
2024-11-17,110.9
2024-11-18,110.9
2024-11-19,110.9
2024-11-20,110.9
2024-11-21,110.9
2024-11-22,110.9
2024-11-23,110.9
2024-11-24,110.9
2024-11-25,110.9
2024-11-26,110.9
2024-11-27,110.9
2024-11-28,110.9
2024-11-29,110.9
2024-11-30,110.9
2024-12-01,114.2
2024-12-02,114.2
2024-12-03,114.2
2024-12-04,114.2
2024-12-05,114.2
2024-12-06,114.2
2024-12-07,114.2
2024-12-08,114.2
2024-12-09,114.2
2024-12-10,114.2
2024-12-11,114.2
2024-12-12,114.2
2024-12-13,114.2
2024-12-14,114.2
2024-12-15,114.2
2024-12-16,114.2
2024-12-17,114.2
2024-12-18,114.2
2024-12-19,114.2
2024-12-20,114.2
2024-12-21,114.2
2024-12-22,114.2
2024-12-23,114.2
2024-12-24,114.2
2024-12-25,114.2
2024-12-26,114.2
2024-12-27,114.2
2024-12-28,114.2
2024-12-29,114.2
2024-12-30,114.2
2024-12-31,114.2
2025-01-01,114.2
2025-01-02,114.2
2025-01-03,114.2
2025-01-04,114.2
2025-01-05,114.2
2025-01-06,114.2
2025-01-07,114.2
2025-01-08,114.2
2025-01-09,114.2
2025-01-10,114.2
2025-01-11,114.2
2025-01-12,114.2
2025-01-13,114.2
2025-01-14,114.2
2025-01-15,114.2
2025-01-16,114.2
2025-01-17,114.2
2025-01-18,114.2
2025-01-19,114.2
2025-01-20,114.2
2025-01-21,114.2
2025-01-22,114.2
2025-01-23,114.2
2025-01-24,114.2
2025-01-25,114.2
2025-01-26,114.2
2025-01-27,114.2
2025-01-28,114.2
2025-01-29,114.2
2025-01-30,114.2
2025-01-31,114.2
2025-02-01,128.2
2025-02-02,128.2
2025-02-03,128.2
2025-02-04,128.2
2025-02-05,128.2
2025-02-06,128.2
2025-02-07,128.2
2025-02-08,128.2
2025-02-09,128.2
2025-02-10,128.2
2025-02-11,128.2
2025-02-12,128.2
2025-02-13,128.2
2025-02-14,128.2
2025-02-15,128.2
2025-02-16,128.2
2025-02-17,128.2
2025-02-18,128.2
2025-02-19,128.2
2025-02-20,128.2
2025-02-21,128.2
2025-02-22,128.2
2025-02-23,128.2
2025-02-24,128.2
2025-02-25,128.2
2025-02-26,128.2
2025-02-27,128.2
2025-02-28,128.2
2025-03-01,107.2
2025-03-02,107.2
2025-03-03,107.2
2025-03-04,107.2
2025-03-05,107.2
2025-03-06,107.2
2025-03-07,107.2
2025-03-08,107.2
2025-03-09,107.2
2025-03-10,107.2
2025-03-11,107.2
2025-03-12,107.2
2025-03-13,107.2
2025-03-14,107.2
2025-03-15,107.2
2025-03-16,107.2
2025-03-17,107.2
2025-03-18,107.2
2025-03-19,107.2
2025-03-20,107.2
2025-03-21,107.2
2025-03-22,107.2
2025-03-23,107.2
2025-03-24,107.2
2025-03-25,107.2
2025-03-26,107.2
2025-03-27,107.2
2025-03-28,107.2
2025-03-29,107.2
2025-03-30,107.2
2025-03-31,107.2
2025-04-01,107.4
2025-04-02,107.4
2025-04-03,107.4
2025-04-04,107.4
2025-04-05,107.4
2025-04-06,107.4
2025-04-07,107.4
2025-04-08,107.4
2025-04-09,107.4
2025-04-10,107.4
2025-04-11,107.4
2025-04-12,107.4
2025-04-13,107.4
2025-04-14,107.4
2025-04-15,107.4
2025-04-16,107.4
2025-04-17,107.4
2025-04-18,107.4
2025-04-19,107.4
2025-04-20,107.4
2025-04-21,107.4
2025-04-22,107.4
2025-04-23,107.4
2025-04-24,107.4
2025-04-25,107.4
2025-04-26,107.4
2025-04-27,107.4
2025-04-28,107.4
2025-04-29,107.4
2025-04-30,107.4
2025-05-01,118.1
2025-05-02,118.1
2025-05-03,118.1
2025-05-04,118.1
2025-05-05,118.1
2025-05-06,118.1
2025-05-07,118.1
2025-05-08,118.1
2025-05-09,118.1
2025-05-10,118.1
2025-05-11,118.1
2025-05-12,118.1
2025-05-13,118.1
2025-05-14,118.1
2025-05-15,118.1
2025-05-16,118.1
2025-05-17,118.1
2025-05-18,118.1
2025-05-19,118.1
2025-05-20,118.1
2025-05-21,118.1
2025-05-22,118.1
2025-05-23,118.1
2025-05-24,118.1
2025-05-25,118.1
2025-05-26,118.1
2025-05-27,118.1
2025-05-28,118.1
2025-05-29,118.1
2025-05-30,118.1
2025-05-31,118.1
2025-06-01,114.4
2025-06-02,114.4
2025-06-03,114.4
2025-06-04,114.4
2025-06-05,114.4
2025-06-06,114.4
2025-06-07,114.4
2025-06-08,114.4
2025-06-09,114.4
2025-06-10,114.4
2025-06-11,114.4
2025-06-12,114.4
2025-06-13,114.4
2025-06-14,114.4
2025-06-15,114.4
2025-06-16,114.4
2025-06-17,114.4
2025-06-18,114.4
2025-06-19,114.4
2025-06-20,114.4
2025-06-21,114.4
2025-06-22,114.4
2025-06-23,114.4
2025-06-24,114.4
2025-06-25,114.4
2025-06-26,114.4
2025-06-27,114.4
2025-06-28,114.4
2025-06-29,114.4
2025-06-30,114.4
2025-07-01,113.5
2025-07-02,113.5
2025-07-03,113.5
2025-07-04,113.5
2025-07-05,113.5
2025-07-06,113.5
2025-07-07,113.5
2025-07-08,113.5
2025-07-09,113.5
2025-07-10,113.5
2025-07-11,113.5
2025-07-12,113.5
2025-07-13,113.5
2025-07-14,113.5
2025-07-15,113.5
2025-07-16,113.5
2025-07-17,113.5
2025-07-18,113.5
2025-07-19,113.5
2025-07-20,113.5
2025-07-21,113.5
2025-07-22,113.5
2025-07-23,113.5
2025-07-24,113.5
2025-07-25,113.5
2025-07-26,113.5
2025-07-27,113.5
2025-07-28,113.5
2025-07-29,113.5
2025-07-30,113.5
2025-07-31,113.5
2025-08-01,118.3
2025-08-02,118.3
2025-08-03,118.3
2025-08-04,118.3
2025-08-05,118.3
2025-08-06,118.3
2025-08-07,118.3
2025-08-08,118.3
2025-08-09,118.3
2025-08-10,118.3
2025-08-11,118.3
2025-08-12,118.3
2025-08-13,118.3
2025-08-14,118.3
2025-08-15,118.3
2025-08-16,118.3
2025-08-17,118.3
2025-08-18,118.3
2025-08-19,118.3
2025-08-20,118.3
2025-08-21,118.3
2025-08-22,118.3
2025-08-23,118.3
2025-08-24,118.3
2025-08-25,118.3
2025-08-26,118.3
2025-08-27,118.3
2025-08-28,118.3
2025-08-29,118.3
2025-08-30,118.3
2025-08-31,118.3
2025-09-01,114.4
2025-09-02,114.4
2025-09-03,114.4
2025-09-04,114.4
2025-09-05,114.4
2025-09-06,114.4
2025-09-07,114.4
2025-09-08,114.4
2025-09-09,114.4
2025-09-10,114.4
2025-09-11,114.4
2025-09-12,114.4
2025-09-13,114.4
2025-09-14,114.4
2025-09-15,114.4
2025-09-16,114.4
2025-09-17,114.4
2025-09-18,114.4
2025-09-19,114.4
2025-09-20,114.4
2025-09-21,114.4
2025-09-22,114.4
2025-09-23,114.4
2025-09-24,114.4
2025-09-25,114.4
2025-09-26,114.4
2025-09-27,114.4
2025-09-28,114.4
2025-09-29,114.4
2025-09-30,114.4
2025-10-01,111.2
2025-10-02,111.2
2025-10-03,111.2
2025-10-04,111.2
2025-10-05,111.2
2025-10-06,111.2
2025-10-07,111.2
2025-10-08,111.2
2025-10-09,111.2
2025-10-10,111.2
2025-10-11,111.2
2025-10-12,111.2
2025-10-13,111.2
2025-10-14,111.2
2025-10-15,111.2
2025-10-16,111.2
2025-10-17,111.2
2025-10-18,111.2
2025-10-19,111.2
2025-10-20,111.2
2025-10-21,111.2
2025-10-22,111.2
2025-10-23,111.2
2025-10-24,111.2
2025-10-25,111.2
2025-10-26,111.2
2025-10-27,111.2
2025-10-28,111.2
2025-10-29,111.2
2025-10-30,111.2
2025-10-31,111.2
2025-11-01,119.8
2025-11-02,119.8
2025-11-03,119.8
2025-11-04,119.8
2025-11-05,119.8
2025-11-06,119.8
2025-11-07,119.8
2025-11-08,119.8
2025-11-09,119.8
2025-11-10,119.8
2025-11-11,119.8
2025-11-12,119.8
2025-11-13,119.8
2025-11-14,119.8
2025-11-15,119.8
2025-11-16,119.8
2025-11-17,119.8
2025-11-18,119.8
2025-11-19,119.8
2025-11-20,119.8
2025-11-21,119.8
2025-11-22,119.8
2025-11-23,119.8
2025-11-24,119.8
2025-11-25,119.8
2025-11-26,119.8
2025-11-27,119.8
2025-11-28,119.8
2025-11-29,119.8
2025-11-30,119.8
2025-12-01,110.2
2025-12-02,110.2
2025-12-03,110.2
2025-12-04,110.2
2025-12-05,110.2
2025-12-06,110.2
2025-12-07,110.2
2025-12-08,110.2
2025-12-09,110.2
2025-12-10,110.2
2025-12-11,110.2
2025-12-12,110.2
2025-12-13,110.2
2025-12-14,110.2
2025-12-15,110.2
2025-12-16,110.2
2025-12-17,110.2
2025-12-18,110.2
2025-12-19,110.2
2025-12-20,110.2
2025-12-21,110.2
2025-12-22,110.2
2025-12-23,110.2
2025-12-24,110.2
2025-12-25,110.2
2025-12-26,110.2
2025-12-27,110.2
2025-12-28,110.2
2025-12-29,110.2
2025-12-30,110.2
2025-12-31,110.2
