tm,peak_mw
2010-01-01,56391
2010-01-02,55470
2010-01-03,55581
2010-01-04,66149
2010-01-05,66901
2010-01-06,67855
2010-01-07,68273
2010-01-08,68555
2010-01-09,61277
2010-01-10,57900
2010-01-11,68202
2010-01-12,68758
2010-01-13,68963
2010-01-14,68937
2010-01-15,68539
2010-01-16,61076
2010-01-17,58140
2010-01-18,67347
2010-01-19,66095
2010-01-20,63608
2010-01-21,64783
2010-01-22,66357
2010-01-23,59704
2010-01-24,56835
2010-01-25,65677
2010-01-26,66754
2010-01-27,65585
2010-01-28,63737
2010-01-29,65033
2010-01-30,58093
2010-01-31,54660
2010-02-01,64747
2010-02-02,65362
2010-02-03,67158
2010-02-04,66878
2010-02-05,66347
2010-02-06,60583
2010-02-07,56968
2010-02-08,65554
2010-02-09,64692
2010-02-10,63648
2010-02-11,64432
2010-02-12,62160
2010-02-13,53947
2010-02-14,48762
2010-02-15,51038
2010-02-16,56551
2010-02-17,63991
2010-02-18,64717
2010-02-19,64530
2010-02-20,57670
2010-02-21,53941
2010-02-22,62072
2010-02-23,60745
2010-02-24,58871
2010-02-25,58443
2010-02-26,57875
2010-02-27,53514
2010-02-28,50703
2010-03-01,54174
2010-03-02,61058
2010-03-03,60567
2010-03-04,60678
2010-03-05,59940
2010-03-06,54973
2010-03-07,52649
2010-03-08,60869
2010-03-09,61719
2010-03-10,63520
2010-03-11,61714
2010-03-12,60238
2010-03-13,54685
2010-03-14,51175
2010-03-15,59614
2010-03-16,60522
2010-03-17,60693
2010-03-18,61895
2010-03-19,60987
2010-03-20,54215
2010-03-21,52065
2010-03-22,61342
2010-03-23,61085
2010-03-24,58629
2010-03-25,60204
2010-03-26,60478
2010-03-27,54334
2010-03-28,51532
2010-03-29,58571
2010-03-30,58949
2010-03-31,59738
2010-04-01,58130
2010-04-02,57662
2010-04-03,53429
2010-04-04,50063
2010-04-05,55671
2010-04-06,56978
2010-04-07,56624
2010-04-08,56916
2010-04-09,55600
2010-04-10,51203
2010-04-11,48636
2010-04-12,56017
2010-04-13,58181
2010-04-14,58304
2010-04-15,58131
2010-04-16,56590
2010-04-17,52212
2010-04-18,49721
2010-04-19,55814
2010-04-20,55078
2010-04-21,55520
2010-04-22,56553
2010-04-23,55370
2010-04-24,51033
2010-04-25,48521
2010-04-26,56083
2010-04-27,56387
2010-04-28,58766
2010-04-29,56313
2010-04-30,55018
2010-05-01,49267
2010-05-02,47824
2010-05-03,54328
2010-05-04,54128
2010-05-05,50631
2010-05-06,54703
2010-05-07,53512
2010-05-08,49220
2010-05-09,46677
2010-05-10,53919
2010-05-11,54209
2010-05-12,53564
2010-05-13,53707
2010-05-14,53540
2010-05-15,49725
2010-05-16,46502
2010-05-17,54482
2010-05-18,55244
2010-05-19,54308
2010-05-20,55393
2010-05-21,51089
2010-05-22,48959
2010-05-23,46849
2010-05-24,54076
2010-05-25,54352
2010-05-26,54148
2010-05-27,54253
2010-05-28,54403
2010-05-29,50137
2010-05-30,46909
2010-05-31,53838
2010-06-01,54197
2010-06-02,51954
2010-06-03,56224
2010-06-04,57021
2010-06-05,52282
2010-06-06,48278
2010-06-07,59364
2010-06-08,59341
2010-06-09,60564
2010-06-10,61464
2010-06-11,60497
2010-06-12,52380
2010-06-13,49237
2010-06-14,59693
2010-06-15,61656
2010-06-16,60091
2010-06-17,62269
2010-06-18,62479
2010-06-19,54962
2010-06-20,49737
2010-06-21,61058
2010-06-22,60265
2010-06-23,60629
2010-06-24,62130
2010-06-25,62828
2010-06-26,54224
2010-06-27,49412
2010-06-28,61810
2010-06-29,62699
2010-06-30,62044
2010-07-01,63274
2010-07-02,63277
2010-07-03,56545
2010-07-04,52044
2010-07-05,64587
2010-07-06,65025
2010-07-07,64839
2010-07-08,63493
2010-07-09,63904
2010-07-10,56927
2010-07-11,50322
2010-07-12,62649
2010-07-13,63409
2010-07-14,63985
2010-07-15,64795
2010-07-16,63439
2010-07-17,56700
2010-07-18,53048
2010-07-19,65683
2010-07-20,67008
2010-07-21,66850
2010-07-22,67619
2010-07-23,63799
2010-07-24,58717
2010-07-25,53154
2010-07-26,65445
2010-07-27,67323
2010-07-28,64904
2010-07-29,66192
2010-07-30,64812
2010-07-31,54739
2010-08-01,53946
2010-08-02,58915
2010-08-03,58086
2010-08-04,62663
2010-08-05,66609
2010-08-06,65633
2010-08-07,59045
2010-08-08,54975
2010-08-09,67287
2010-08-10,65800
2010-08-11,65206
2010-08-12,63461
2010-08-13,65504
2010-08-14,58726
2010-08-15,54015
2010-08-16,63646
2010-08-17,64676
2010-08-18,67452
2010-08-19,68493
2010-08-20,69886
2010-08-21,64327
2010-08-22,58594
2010-08-23,69404
2010-08-24,66982
2010-08-25,65140
2010-08-26,66283
2010-08-27,67781
2010-08-28,59400
2010-08-29,54204
2010-08-30,67230
2010-08-31,66242
2010-09-01,68842
2010-09-02,63901
2010-09-03,67802
2010-09-04,62239
2010-09-05,54902
2010-09-06,66362
2010-09-07,63906
2010-09-08,59598
2010-09-09,60665
2010-09-10,64312
2010-09-11,58590
2010-09-12,52039
2010-09-13,62758
2010-09-14,63188
2010-09-15,62527
2010-09-16,62644
2010-09-17,63411
2010-09-18,58479
2010-09-19,52757
2010-09-20,55804
2010-09-21,45151
2010-09-22,38764
2010-09-23,41282
2010-09-24,47132
2010-09-25,48664
2010-09-26,48466
2010-09-27,56095
2010-09-28,56040
2010-09-29,55918
2010-09-30,56247
2010-10-01,55938
2010-10-02,51865
2010-10-03,48264
2010-10-04,56515
2010-10-05,56438
2010-10-06,56475
2010-10-07,57373
2010-10-08,57084
2010-10-09,50452
2010-10-10,48332
2010-10-11,57773
2010-10-12,57712
2010-10-13,57364
2010-10-14,57818
2010-10-15,57057
2010-10-16,51213
2010-10-17,48850
2010-10-18,57601
2010-10-19,58124
2010-10-20,57494
2010-10-21,58268
2010-10-22,57184
2010-10-23,50843
2010-10-24,49157
2010-10-25,58170
2010-10-26,60330
2010-10-27,59328
2010-10-28,60003
2010-10-29,58414
2010-10-30,51919
2010-10-31,50057
2010-11-01,58325
2010-11-02,60444
2010-11-03,59648
2010-11-04,60006
2010-11-05,58874
2010-11-06,53375
2010-11-07,50906
2010-11-08,61506
2010-11-09,62623
2010-11-10,60837
2010-11-11,60749
2010-11-12,60282
2010-11-13,54292
2010-11-14,52299
2010-11-15,63009
2010-11-16,63204
2010-11-17,61785
2010-11-18,62482
2010-11-19,62270
2010-11-20,56191
2010-11-21,52209
2010-11-22,62052
2010-11-23,62576
2010-11-24,61352
2010-11-25,63802
2010-11-26,64100
2010-11-27,58710
2010-11-28,55891
2010-11-29,64984
2010-11-30,63154
2010-12-01,62842
2010-12-02,62690
2010-12-03,65414
2010-12-04,59111
2010-12-05,54345
2010-12-06,65324
2010-12-07,66728
2010-12-08,67295
2010-12-09,67817
2010-12-10,67505
2010-12-11,60423
2010-12-12,57531
2010-12-13,68739
2010-12-14,69614
2010-12-15,71308
2010-12-16,71258
2010-12-17,71060
2010-12-18,62928
2010-12-19,57830
2010-12-20,66377
2010-12-21,67445
2010-12-22,66055
2010-12-23,67320
2010-12-24,69950
2010-12-25,63874
2010-12-26,60856
2010-12-27,70107
2010-12-28,70018
2010-12-29,69708
2010-12-30,69000
2010-12-31,67331
2011-01-01,59796
2011-01-02,59173
2011-01-03,70868
2011-01-04,70869
2011-01-05,70073
2011-01-06,71285
2011-01-07,71423
2011-01-08,65100
2011-01-09,61861
2011-01-10,71840
2011-01-11,71687
2011-01-12,71785
2011-01-13,71783
2011-01-14,71569
2011-01-15,66923
2011-01-16,64446
2011-01-17,73137
2011-01-18,72433
2011-01-19,72223
2011-01-20,71918
2011-01-21,71910
2011-01-22,65505
2011-01-23,62263
2011-01-24,71913
2011-01-25,72344
2011-01-26,72292
2011-01-27,73014
2011-01-28,72274
2011-01-29,66813
2011-01-30,64028
2011-01-31,71555
2011-02-01,67396
2011-02-02,58340
2011-02-03,50796
2011-02-04,52817
2011-02-05,55570
2011-02-06,57142
2011-02-07,68498
2011-02-08,68791
2011-02-09,67876
2011-02-10,70087
2011-02-11,69597
2011-02-12,63786
2011-02-13,60087
2011-02-14,71002
2011-02-15,69913
2011-02-16,69763
2011-02-17,68750
2011-02-18,67796
2011-02-19,61327
2011-02-20,57482
2011-02-21,65622
2011-02-22,64954
2011-02-23,64759
2011-02-24,63250
2011-02-25,64032
2011-02-26,58402
2011-02-27,55444
2011-02-28,65290
2011-03-01,60454
2011-03-02,66746
2011-03-03,67310
2011-03-04,67320
2011-03-05,61100
2011-03-06,55736
2011-03-07,65700
2011-03-08,65497
2011-03-09,65762
2011-03-10,66221
2011-03-11,64038
2011-03-12,57908
2011-03-13,53341
2011-03-14,62730
2011-03-15,64101
2011-03-16,65532
2011-03-17,65740
2011-03-18,64124
2011-03-19,57109
2011-03-20,53881
2011-03-21,61855
2011-03-22,63654
2011-03-23,64073
2011-03-24,63658
2011-03-25,64447
2011-03-26,57412
2011-03-27,53874
2011-03-28,62884
2011-03-29,63256
2011-03-30,61571
2011-03-31,60600
2011-04-01,59252
2011-04-02,55482
2011-04-03,52487
2011-04-04,60148
2011-04-05,59513
2011-04-06,59749
2011-04-07,61400
2011-04-08,58990
2011-04-09,54158
2011-04-10,51540
2011-04-11,59317
2011-04-12,58278
2011-04-13,58167
2011-04-14,58387
2011-04-15,58213
2011-04-16,53422
2011-04-17,51060
2011-04-18,60491
2011-04-19,59288
2011-04-20,57945
2011-04-21,58567
2011-04-22,60413
2011-04-23,54022
2011-04-24,51836
2011-04-25,58468
2011-04-26,60417
2011-04-27,58652
2011-04-28,58727
2011-04-29,57543
2011-04-30,53761
2011-05-01,49708
2011-05-02,56616
2011-05-03,57474
2011-05-04,57261
2011-05-05,53773
2011-05-06,56584
2011-05-07,53135
2011-05-08,48844
2011-05-09,57426
2011-05-10,54245
2011-05-11,58162
2011-05-12,57456
2011-05-13,56468
2011-05-14,52212
2011-05-15,49085
2011-05-16,56752
2011-05-17,56867
2011-05-18,57557
2011-05-19,58085
2011-05-20,59355
2011-05-21,54227
2011-05-22,49822
2011-05-23,57395
2011-05-24,58142
2011-05-25,58637
2011-05-26,58444
2011-05-27,58006
2011-05-28,53420
2011-05-29,50249
2011-05-30,59330
2011-05-31,58616
2011-06-01,57787
2011-06-02,58797
2011-06-03,58488
2011-06-04,53800
2011-06-05,49207
2011-06-06,53077
2011-06-07,60236
2011-06-08,61512
2011-06-09,60058
2011-06-10,61087
2011-06-11,56286
2011-06-12,51047
2011-06-13,61587
2011-06-14,62196
2011-06-15,63471
2011-06-16,64211
2011-06-17,63935
2011-06-18,57953
2011-06-19,52965
2011-06-20,66872
2011-06-21,66254
2011-06-22,64846
2011-06-23,65856
2011-06-24,63144
2011-06-25,56412
2011-06-26,50607
2011-06-27,60942
2011-06-28,64249
2011-06-29,64414
2011-06-30,65497
2011-07-01,66358
2011-07-02,59613
2011-07-03,53332
2011-07-04,64946
2011-07-05,66128
2011-07-06,65060
2011-07-07,64622
2011-07-08,64283
2011-07-09,58040
2011-07-10,53593
2011-07-11,64240
2011-07-12,65237
2011-07-13,66087
2011-07-14,66480
2011-07-15,67140
2011-07-16,61028
2011-07-17,56518
2011-07-18,70956
2011-07-19,71393
2011-07-20,70350
2011-07-21,69173
2011-07-22,66105
2011-07-23,61339
2011-07-24,55435
2011-07-25,67965
2011-07-26,68964
2011-07-27,67464
2011-07-28,67942
2011-07-29,68254
2011-07-30,58439
2011-07-31,54326
2011-08-01,57942
2011-08-02,59257
2011-08-03,61244
2011-08-04,65124
2011-08-05,67951
2011-08-06,61767
2011-08-07,57003
2011-08-08,66784
2011-08-09,67523
2011-08-10,67776
2011-08-11,69587
2011-08-12,68112
2011-08-13,60927
2011-08-14,55352
2011-08-15,59826
2011-08-16,68649
2011-08-17,67645
2011-08-18,67527
2011-08-19,65828
2011-08-20,57322
2011-08-21,53116
2011-08-22,64261
2011-08-23,63587
2011-08-24,63959
2011-08-25,65285
2011-08-26,66214
2011-08-27,60944
2011-08-28,57034
2011-08-29,70767
2011-08-30,71745
2011-08-31,72194
2011-09-01,70529
2011-09-02,71061
2011-09-03,61977
2011-09-04,54861
2011-09-05,66594
2011-09-06,66278
2011-09-07,64990
2011-09-08,64524
2011-09-09,62293
2011-09-10,51803
2011-09-11,45021
2011-09-12,42993
2011-09-13,48043
2011-09-14,58754
2011-09-15,67281
2011-09-16,67405
2011-09-17,62936
2011-09-18,52738
2011-09-19,59227
2011-09-20,59172
2011-09-21,58737
2011-09-22,59707
2011-09-23,59500
2011-09-24,54366
2011-09-25,51479
2011-09-26,60018
2011-09-27,61003
2011-09-28,59963
2011-09-29,60274
2011-09-30,57516
2011-10-01,52404
2011-10-02,49454
2011-10-03,53024
2011-10-04,59282
2011-10-05,59182
2011-10-06,60086
2011-10-07,59674
2011-10-08,53737
2011-10-09,50842
2011-10-10,60712
2011-10-11,60691
2011-10-12,60476
2011-10-13,60907
2011-10-14,60044
2011-10-15,53962
2011-10-16,50957
2011-10-17,61107
2011-10-18,61448
2011-10-19,60644
2011-10-20,61343
2011-10-21,60554
2011-10-22,54621
2011-10-23,51428
2011-10-24,61578
2011-10-25,62575
2011-10-26,61599
2011-10-27,61921
2011-10-28,60753
2011-10-29,55053
2011-10-30,51704
2011-10-31,60913
2011-11-01,60289
2011-11-02,60192
2011-11-03,60915
2011-11-04,60326
2011-11-05,54200
2011-11-06,51533
2011-11-07,60708
2011-11-08,61174
2011-11-09,60409
2011-11-10,61125
2011-11-11,60197
2011-11-12,54054
2011-11-13,52104
2011-11-14,62271
2011-11-15,62550
2011-11-16,61292
2011-11-17,62286
2011-11-18,61210
2011-11-19,55031
2011-11-20,54654
2011-11-21,65357
2011-11-22,65709
2011-11-23,66818
2011-11-24,67554
2011-11-25,66512
2011-11-26,58814
2011-11-27,54280
2011-11-28,62210
2011-11-29,63079
2011-11-30,64892
2011-12-01,65542
2011-12-02,65139
2011-12-03,57807
2011-12-04,55878
2011-12-05,67115
2011-12-06,67180
2011-12-07,66500
2011-12-08,68671
2011-12-09,69410
2011-12-10,61464
2011-12-11,57849
2011-12-12,67595
2011-12-13,69017
2011-12-14,68985
2011-12-15,68667
2011-12-16,69899
2011-12-17,64187
2011-12-18,60134
2011-12-19,71145
2011-12-20,71573
2011-12-21,70090
2011-12-22,70990
2011-12-23,71886
2011-12-24,63489
2011-12-25,60765
2011-12-26,72128
2011-12-27,72554
2011-12-28,71482
2011-12-29,68986
2011-12-30,68524
2011-12-31,60312
2012-01-01,58124
2012-01-02,69015
2012-01-03,71631
2012-01-04,72865
2012-01-05,72199
2012-01-06,72552
2012-01-07,64570
2012-01-08,61089
2012-01-09,71646
2012-01-10,71620
2012-01-11,72453
2012-01-12,71980
2012-01-13,71893
2012-01-14,63746
2012-01-15,60377
2012-01-16,71422
2012-01-17,69998
2012-01-18,69874
2012-01-19,69189
2012-01-20,66299
2012-01-21,58618
2012-01-22,54550
2012-01-23,53318
2012-01-24,56051
2012-01-25,63424
2012-01-26,70451
2012-01-27,71023
2012-01-28,63016
2012-01-29,60436
2012-01-30,71609
2012-01-31,72308
2012-02-01,72012
2012-02-02,73833
2012-02-03,73040
2012-02-04,65486
2012-02-05,61327
2012-02-06,72008
2012-02-07,73098
2012-02-08,73131
2012-02-09,72432
2012-02-10,72535
2012-02-11,64071
2012-02-12,60365
2012-02-13,71147
2012-02-14,70253
2012-02-15,69690
2012-02-16,69414
2012-02-17,70987
2012-02-18,64121
2012-02-19,60733
2012-02-20,70433
2012-02-21,70066
2012-02-22,68837
2012-02-23,66267
2012-02-24,66140
2012-02-25,60731
2012-02-26,58687
2012-02-27,68116
2012-02-28,69091
2012-02-29,66910
2012-03-01,59676
2012-03-02,65461
2012-03-03,57884
2012-03-04,55923
2012-03-05,67475
2012-03-06,68119
2012-03-07,67480
2012-03-08,67407
2012-03-09,67403
2012-03-10,59193
2012-03-11,58214
2012-03-12,69180
2012-03-13,67944
2012-03-14,67941
2012-03-15,66662
2012-03-16,65949
2012-03-17,58487
2012-03-18,55516
2012-03-19,65929
2012-03-20,65917
2012-03-21,65554
2012-03-22,66314
2012-03-23,65916
2012-03-24,58455
2012-03-25,55600
2012-03-26,65406
2012-03-27,64132
2012-03-28,62671
2012-03-29,61505
2012-03-30,62686
2012-03-31,55993
2012-04-01,53824
2012-04-02,62058
2012-04-03,64390
2012-04-04,62455
2012-04-05,61447
2012-04-06,61955
2012-04-07,56470
2012-04-08,52545
2012-04-09,59632
2012-04-10,60615
2012-04-11,57192
2012-04-12,60318
2012-04-13,59998
2012-04-14,54323
2012-04-15,51032
2012-04-16,59317
2012-04-17,59495
2012-04-18,58531
2012-04-19,59736
2012-04-20,58827
2012-04-21,56020
2012-04-22,51897
2012-04-23,59092
2012-04-24,57954
2012-04-25,60184
2012-04-26,58571
2012-04-27,57420
2012-04-28,52289
2012-04-29,50060
2012-04-30,57303
2012-05-01,53469
2012-05-02,59194
2012-05-03,58681
2012-05-04,58254
2012-05-05,51023
2012-05-06,49265
2012-05-07,58783
2012-05-08,59726
2012-05-09,59180
2012-05-10,59469
2012-05-11,59389
2012-05-12,53474
2012-05-13,50870
2012-05-14,60105
2012-05-15,59545
2012-05-16,59297
2012-05-17,59354
2012-05-18,58805
2012-05-19,54050
2012-05-20,51396
2012-05-21,59738
2012-05-22,60915
2012-05-23,61029
2012-05-24,60583
2012-05-25,60262
2012-05-26,54131
2012-05-27,50165
2012-05-28,53876
2012-05-29,60116
2012-05-30,60395
2012-05-31,60991
2012-06-01,60411
2012-06-02,56122
2012-06-03,51865
2012-06-04,62206
2012-06-05,62958
2012-06-06,59139
2012-06-07,63340
2012-06-08,62556
2012-06-09,57383
2012-06-10,52788
2012-06-11,63222
2012-06-12,64506
2012-06-13,63780
2012-06-14,64546
2012-06-15,63990
2012-06-16,58330
2012-06-17,53298
2012-06-18,66205
2012-06-19,66982
2012-06-20,67009
2012-06-21,66934
2012-06-22,66429
2012-06-23,60035
2012-06-24,54183
2012-06-25,66791
2012-06-26,65382
2012-06-27,65558
2012-06-28,65842
2012-06-29,67390
2012-06-30,59230
2012-07-01,53160
2012-07-02,65642
2012-07-03,66433
2012-07-04,67858
2012-07-05,66378
2012-07-06,65582
2012-07-07,57899
2012-07-08,54057
2012-07-09,68751
2012-07-10,67961
2012-07-11,67862
2012-07-12,67740
2012-07-13,68543
2012-07-14,59922
2012-07-15,53714
2012-07-16,64442
2012-07-17,66197
2012-07-18,68952
2012-07-19,67871
2012-07-20,69021
2012-07-21,62512
2012-07-22,57900
2012-07-23,72595
2012-07-24,72913
2012-07-25,72784
2012-07-26,72630
2012-07-27,72704
2012-07-28,64680
2012-07-29,60779
2012-07-30,69856
2012-07-31,70763
2012-08-01,68525
2012-08-02,67314
2012-08-03,66851
2012-08-04,62279
2012-08-05,63236
2012-08-06,74291
2012-08-07,73653
2012-08-08,72497
2012-08-09,72940
2012-08-10,70288
2012-08-11,63524
2012-08-12,57960
2012-08-13,69090
2012-08-14,69018
2012-08-15,62387
2012-08-16,69481
2012-08-17,71135
2012-08-18,63768
2012-08-19,59360
2012-08-20,71059
2012-08-21,70992
2012-08-22,66037
2012-08-23,64960
2012-08-24,63708
2012-08-25,60599
2012-08-26,58068
2012-08-27,71046
2012-08-28,65715
2012-08-29,68780
2012-08-30,65840
2012-08-31,64788
2012-09-01,58196
2012-09-02,54602
2012-09-03,67693
2012-09-04,66324
2012-09-05,65566
2012-09-06,64096
2012-09-07,64860
2012-09-08,56953
2012-09-09,52607
2012-09-10,63382
2012-09-11,63690
2012-09-12,63598
2012-09-13,63730
2012-09-14,61461
2012-09-15,55814
2012-09-16,52053
2012-09-17,60517
2012-09-18,61632
2012-09-19,61552
2012-09-20,61933
2012-09-21,61504
2012-09-22,56074
2012-09-23,52648
2012-09-24,61955
2012-09-25,61999
2012-09-26,61849
2012-09-27,60988
2012-09-28,58686
2012-09-29,46048
2012-09-30,41302
2012-10-01,44079
2012-10-02,48778
2012-10-03,51925
2012-10-04,56549
2012-10-05,60138
2012-10-06,55401
2012-10-07,51457
2012-10-08,60359
2012-10-09,60972
2012-10-10,60099
2012-10-11,61169
2012-10-12,59780
2012-10-13,53632
2012-10-14,50815
2012-10-15,60196
2012-10-16,60814
2012-10-17,60257
2012-10-18,61039
2012-10-19,60020
2012-10-20,54174
2012-10-21,51456
2012-10-22,61429
2012-10-23,61622
2012-10-24,60965
2012-10-25,61308
2012-10-26,60371
2012-10-27,55277
2012-10-28,51516
2012-10-29,61144
2012-10-30,61165
2012-10-31,61481
2012-11-01,62758
2012-11-02,61775
2012-11-03,55191
2012-11-04,53038
2012-11-05,63267
2012-11-06,63871
2012-11-07,62448
2012-11-08,63379
2012-11-09,62933
2012-11-10,55606
2012-11-11,54242
2012-11-12,63856
2012-11-13,65071
2012-11-14,65597
2012-11-15,65600
2012-11-16,65817
2012-11-17,58325
2012-11-18,55874
2012-11-19,66846
2012-11-20,67338
2012-11-21,67861
2012-11-22,66803
2012-11-23,66568
2012-11-24,59203
2012-11-25,56021
2012-11-26,68602
2012-11-27,68958
2012-11-28,68297
2012-11-29,69062
2012-11-30,68779
2012-12-01,60745
2012-12-02,57401
2012-12-03,70771
2012-12-04,71774
2012-12-05,72502
2012-12-06,72744
2012-12-07,73291
2012-12-08,64826
2012-12-09,62638
2012-12-10,74269
2012-12-11,74052
2012-12-12,73890
2012-12-13,73244
2012-12-14,73928
2012-12-15,63513
2012-12-16,59375
2012-12-17,72407
2012-12-18,75172
2012-12-19,67769
2012-12-20,75154
2012-12-21,74947
2012-12-22,64515
2012-12-23,63306
2012-12-24,74300
2012-12-25,65874
2012-12-26,75987
2012-12-27,75105
2012-12-28,73073
2012-12-29,63609
2012-12-30,61819
2012-12-31,65266
2013-01-01,60178
2013-01-02,73387
2013-01-03,76522
2013-01-04,76375
2013-01-05,68053
2013-01-06,64147
2013-01-07,75383
2013-01-08,75220
2013-01-09,75609
2013-01-10,75570
2013-01-11,75583
2013-01-12,65458
2013-01-13,61334
2013-01-14,72869
2013-01-15,73364
2013-01-16,72808
2013-01-17,73613
2013-01-18,74135
2013-01-19,64737
2013-01-20,61013
2013-01-21,71696
2013-01-22,70439
2013-01-23,70555
2013-01-24,70895
2013-01-25,73340
2013-01-26,66011
2013-01-27,63092
2013-01-28,73589
2013-01-29,72309
2013-01-30,70366
2013-01-31,69136
2013-02-01,67350
2013-02-02,62234
2013-02-03,60333
2013-02-04,70352
2013-02-05,72515
2013-02-06,70985
2013-02-07,73964
2013-02-08,74196
2013-02-09,62468
2013-02-10,54678
2013-02-11,56338
2013-02-12,62525
2013-02-13,70551
2013-02-14,71414
2013-02-15,69697
2013-02-16,63952
2013-02-17,59718
2013-02-18,70278
2013-02-19,71243
2013-02-20,71826
2013-02-21,71294
2013-02-22,70240
2013-02-23,62773
2013-02-24,59503
2013-02-25,69513
2013-02-26,69758
2013-02-27,66919
2013-02-28,66378
2013-03-01,61639
2013-03-02,60144
2013-03-03,57568
2013-03-04,69653
2013-03-05,69252
2013-03-06,68551
2013-03-07,66035
2013-03-08,66335
2013-03-09,57125
2013-03-10,55328
2013-03-11,66073
2013-03-12,66052
2013-03-13,66668
2013-03-14,66346
2013-03-15,66752
2013-03-16,58869
2013-03-17,54585
2013-03-18,64038
2013-03-19,64275
2013-03-20,65952
2013-03-21,67159
2013-03-22,66964
2013-03-23,58514
2013-03-24,54589
2013-03-25,65718
2013-03-26,66106
2013-03-27,64627
2013-03-28,63891
2013-03-29,63768
2013-03-30,56973
2013-03-31,54007
2013-04-01,63611
2013-04-02,64872
2013-04-03,63906
2013-04-04,62740
2013-04-05,60601
2013-04-06,57295
2013-04-07,54491
2013-04-08,63306
2013-04-09,64098
2013-04-10,64054
2013-04-11,64092
2013-04-12,63704
2013-04-13,56491
2013-04-14,53790
2013-04-15,63318
2013-04-16,61632
2013-04-17,61925
2013-04-18,61499
2013-04-19,61310
2013-04-20,58619
2013-04-21,53250
2013-04-22,60892
2013-04-23,62169
2013-04-24,59889
2013-04-25,61275
2013-04-26,60659
2013-04-27,54274
2013-04-28,51398
2013-04-29,60584
2013-04-30,59710
2013-05-01,54401
2013-05-02,59465
2013-05-03,59617
2013-05-04,53102
2013-05-05,50753
2013-05-06,58827
2013-05-07,59475
2013-05-08,59488
2013-05-09,60325
2013-05-10,60692
2013-05-11,53938
2013-05-12,50776
2013-05-13,60757
2013-05-14,60873
2013-05-15,61018
2013-05-16,60111
2013-05-17,54382
2013-05-18,52401
2013-05-19,50511
2013-05-20,59795
2013-05-21,59595
2013-05-22,60558
2013-05-23,61462
2013-05-24,61928
2013-05-25,57270
2013-05-26,51923
2013-05-27,62576
2013-05-28,63029
2013-05-29,62090
2013-05-30,61737
2013-05-31,61677
2013-06-01,55168
2013-06-02,51697
2013-06-03,62596
2013-06-04,63185
2013-06-05,63384
2013-06-06,60606
2013-06-07,63441
2013-06-08,58352
2013-06-09,53036
2013-06-10,66076
2013-06-11,65850
2013-06-12,64819
2013-06-13,66272
2013-06-14,66475
2013-06-15,60427
2013-06-16,53717
2013-06-17,66566
2013-06-18,66929
2013-06-19,67156
2013-06-20,67488
2013-06-21,67030
2013-06-22,60744
2013-06-23,52918
2013-06-24,67212
2013-06-25,67878
2013-06-26,67914
2013-06-27,68472
2013-06-28,68422
2013-06-29,60959
2013-06-30,55838
2013-07-01,68943
2013-07-02,69401
2013-07-03,69222
2013-07-04,69137
2013-07-05,68039
2013-07-06,61321
2013-07-07,55795
2013-07-08,68800
2013-07-09,69627
2013-07-10,69934
2013-07-11,70155
2013-07-12,69699
2013-07-13,62633
2013-07-14,56534
2013-07-15,71101
2013-07-16,71529
2013-07-17,70143
2013-07-18,71257
2013-07-19,72112
2013-07-20,64473
2013-07-21,59289
2013-07-22,71648
2013-07-23,70119
2013-07-24,69230
2013-07-25,69868
2013-07-26,70324
2013-07-27,62688
2013-07-28,58219
2013-07-29,68634
2013-07-30,67939
2013-07-31,65764
2013-08-01,63959
2013-08-02,62649
2013-08-03,59182
2013-08-04,58813
2013-08-05,67856
2013-08-06,68852
2013-08-07,71825
2013-08-08,73819
2013-08-09,73600
2013-08-10,67476
2013-08-11,62837
2013-08-12,73302
2013-08-13,72615
2013-08-14,72501
2013-08-15,69027
2013-08-16,73216
2013-08-17,67118
2013-08-18,62710
2013-08-19,74015
2013-08-20,73315
2013-08-21,73266
2013-08-22,73657
2013-08-23,70527
2013-08-24,63061
2013-08-25,56316
2013-08-26,69003
2013-08-27,69286
2013-08-28,69475
2013-08-29,69623
2013-08-30,68095
2013-08-31,59493
2013-09-01,54172
2013-09-02,65238
2013-09-03,63488
2013-09-04,64303
2013-09-05,63323
2013-09-06,62697
2013-09-07,57341
2013-09-08,53099
2013-09-09,65106
2013-09-10,65504
2013-09-11,66061
2013-09-12,66213
2013-09-13,67689
2013-09-14,61174
2013-09-15,55438
2013-09-16,62839
2013-09-17,60397
2013-09-18,47703
2013-09-19,44095
2013-09-20,47235
2013-09-21,50913
2013-09-22,52637
2013-09-23,64919
2013-09-24,65765
2013-09-25,63041
2013-09-26,61708
2013-09-27,61263
2013-09-28,56668
2013-09-29,52725
2013-09-30,62764
2013-10-01,63532
2013-10-02,62685
2013-10-03,57222
2013-10-04,61182
2013-10-05,55667
2013-10-06,53017
2013-10-07,64911
2013-10-08,64075
2013-10-09,59766
2013-10-10,64136
2013-10-11,62118
2013-10-12,54568
2013-10-13,51494
2013-10-14,62685
2013-10-15,62574
2013-10-16,61498
2013-10-17,62394
2013-10-18,61911
2013-10-19,55528
2013-10-20,51487
2013-10-21,62099
2013-10-22,62822
2013-10-23,62185
2013-10-24,62777
2013-10-25,62398
2013-10-26,54801
2013-10-27,51788
2013-10-28,63155
2013-10-29,63926
2013-10-30,62824
2013-10-31,63329
2013-11-01,61066
2013-11-02,55557
2013-11-03,52359
2013-11-04,62623
2013-11-05,62668
2013-11-06,62657
2013-11-07,62671
2013-11-08,62796
2013-11-09,55968
2013-11-10,54144
2013-11-11,65865
2013-11-12,66426
2013-11-13,66150
2013-11-14,67082
2013-11-15,65666
2013-11-16,58986
2013-11-17,56018
2013-11-18,69316
2013-11-19,69483
2013-11-20,69837
2013-11-21,69400
2013-11-22,68915
2013-11-23,57200
2013-11-24,56221
2013-11-25,69053
2013-11-26,69943
2013-11-27,71192
2013-11-28,72686
2013-11-29,72472
2013-11-30,62184
2013-12-01,57856
2013-12-02,69941
2013-12-03,69642
2013-12-04,70241
2013-12-05,69964
2013-12-06,69939
2013-12-07,61430
2013-12-08,57802
2013-12-09,71012
2013-12-10,70932
2013-12-11,71706
2013-12-12,72898
2013-12-13,73917
2013-12-14,64733
2013-12-15,60957
2013-12-16,75681
2013-12-17,75108
2013-12-18,72991
2013-12-19,74118
2013-12-20,74935
2013-12-21,65438
2013-12-22,61367
2013-12-23,73629
2013-12-24,74501
2013-12-25,63668
2013-12-26,73961
2013-12-27,74675
2013-12-28,65478
2013-12-29,61896
2013-12-30,71415
2013-12-31,67916
2014-01-01,57526
2014-01-02,68868
2014-01-03,71195
2014-01-04,62599
2014-01-05,59580
2014-01-06,72948
2014-01-07,73338
2014-01-08,73029
2014-01-09,75555
2014-01-10,76389
2014-01-11,65783
2014-01-12,62125
2014-01-13,76173
2014-01-14,76442
2014-01-15,75939
2014-01-16,75473
2014-01-17,75359
2014-01-18,66275
2014-01-19,62682
2014-01-20,75282
2014-01-21,76751
2014-01-22,76306
2014-01-23,75362
2014-01-24,73391
2014-01-25,64359
2014-01-26,61182
2014-01-27,73444
2014-01-28,71539
2014-01-29,69659
2014-01-30,56440
2014-01-31,51068
2014-02-01,51521
2014-02-02,53374
2014-02-03,68620
2014-02-04,75443
2014-02-05,77295
2014-02-06,76274
2014-02-07,74297
2014-02-08,65220
2014-02-09,60604
2014-02-10,74404
2014-02-11,73982
2014-02-12,73302
2014-02-13,73371
2014-02-14,72398
2014-02-15,62944
2014-02-16,58797
2014-02-17,70900
2014-02-18,71120
2014-02-19,71872
2014-02-20,71641
2014-02-21,71428
2014-02-22,62750
2014-02-23,58631
2014-02-24,69972
2014-02-25,69583
2014-02-26,69420
2014-02-27,67342
2014-02-28,67179
2014-03-01,58850
2014-03-02,56807
2014-03-03,68575
2014-03-04,69932
2014-03-05,70162
2014-03-06,71384
2014-03-07,72167
2014-03-08,63537
2014-03-09,58998
2014-03-10,71629
2014-03-11,70922
2014-03-12,70836
2014-03-13,70934
2014-03-14,68928
2014-03-15,61734
2014-03-16,55703
2014-03-17,65809
2014-03-18,65543
2014-03-19,66737
2014-03-20,67400
2014-03-21,67809
2014-03-22,59838
2014-03-23,55419
2014-03-24,64545
2014-03-25,64482
2014-03-26,64149
2014-03-27,64011
2014-03-28,62413
2014-03-29,58164
2014-03-30,53354
2014-03-31,62487
2014-04-01,62418
2014-04-02,61890
2014-04-03,63504
2014-04-04,63757
2014-04-05,57527
2014-04-06,54598
2014-04-07,63722
2014-04-08,63010
2014-04-09,63343
2014-04-10,63345
2014-04-11,63314
2014-04-12,57820
2014-04-13,53026
2014-04-14,62272
2014-04-15,62333
2014-04-16,61956
2014-04-17,63069
2014-04-18,62898
2014-04-19,57447
2014-04-20,52591
2014-04-21,61312
2014-04-22,61699
2014-04-23,60966
2014-04-24,61456
2014-04-25,61166
2014-04-26,55806
2014-04-27,52100
2014-04-28,62596
2014-04-29,62173
2014-04-30,61294
2014-05-01,55782
2014-05-02,58473
2014-05-03,52592
2014-05-04,50506
2014-05-05,52425
2014-05-06,54460
2014-05-07,59921
2014-05-08,61820
2014-05-09,60847
2014-05-10,56582
2014-05-11,52256
2014-05-12,61216
2014-05-13,62149
2014-05-14,62471
2014-05-15,62172
2014-05-16,62471
2014-05-17,56689
2014-05-18,52446
2014-05-19,62956
2014-05-20,63090
2014-05-21,62891
2014-05-22,63560
2014-05-23,63549
2014-05-24,57838
2014-05-25,52266
2014-05-26,62708
2014-05-27,64420
2014-05-28,65865
2014-05-29,66574
2014-05-30,67424
2014-05-31,60914
2014-06-01,54570
2014-06-02,64375
2014-06-03,63465
2014-06-04,61469
2014-06-05,63187
2014-06-06,58717
2014-06-07,55666
2014-06-08,52889
2014-06-09,64907
2014-06-10,66163
2014-06-11,65006
2014-06-12,64857
2014-06-13,64400
2014-06-14,58813
2014-06-15,53962
2014-06-16,66777
2014-06-17,67326
2014-06-18,67769
2014-06-19,66800
2014-06-20,67428
2014-06-21,59988
2014-06-22,53722
2014-06-23,65547
2014-06-24,66595
2014-06-25,67542
2014-06-26,68774
2014-06-27,68262
2014-06-28,61010
2014-06-29,53964
2014-06-30,69801
2014-07-01,71029
2014-07-02,70518
2014-07-03,66535
2014-07-04,68944
2014-07-05,61356
2014-07-06,54855
2014-07-07,69831
2014-07-08,70523
2014-07-09,72676
2014-07-10,73566
2014-07-11,72310
2014-07-12,63830
2014-07-13,57026
2014-07-14,72580
2014-07-15,72611
2014-07-16,72607
2014-07-17,71498
2014-07-18,71605
2014-07-19,65090
2014-07-20,60592
2014-07-21,74839
2014-07-22,73590
2014-07-23,71830
2014-07-24,71947
2014-07-25,76054
2014-07-26,63452
2014-07-27,57555
2014-07-28,70263
2014-07-29,70243
2014-07-30,72841
2014-07-31,72870
2014-08-01,68690
2014-08-02,60964
2014-08-03,57167
2014-08-04,62294
2014-08-05,65788
2014-08-06,66074
2014-08-07,64831
2014-08-08,64948
2014-08-09,59207
2014-08-10,54596
2014-08-11,67540
2014-08-12,69977
2014-08-13,68662
2014-08-14,65015
2014-08-15,61600
2014-08-16,59837
2014-08-17,55046
2014-08-18,66232
2014-08-19,67191
2014-08-20,68596
2014-08-21,68283
2014-08-22,68320
2014-08-23,62159
2014-08-24,57285
2014-08-25,69048
2014-08-26,70689
2014-08-27,68670
2014-08-28,68404
2014-08-29,68468
2014-08-30,60855
2014-08-31,55541
2014-09-01,69406
2014-09-02,67961
2014-09-03,67408
2014-09-04,68156
2014-09-05,67144
2014-09-06,55141
2014-09-07,48762
2014-09-08,44934
2014-09-09,47665
2014-09-10,54015
2014-09-11,65262
2014-09-12,65955
2014-09-13,59351
2014-09-14,55020
2014-09-15,66972
2014-09-16,66507
2014-09-17,65050
2014-09-18,64944
2014-09-19,64544
2014-09-20,57366
2014-09-21,53797
2014-09-22,65691
2014-09-23,65404
2014-09-24,64878
2014-09-25,65682
2014-09-26,64274
2014-09-27,57263
2014-09-28,54241
2014-09-29,65058
2014-09-30,63847
2014-10-01,62630
2014-10-02,62948
2014-10-03,56747
2014-10-04,53248
2014-10-05,51715
2014-10-06,62404
2014-10-07,63184
2014-10-08,61945
2014-10-09,59045
2014-10-10,62372
2014-10-11,54877
2014-10-12,52890
2014-10-13,63509
2014-10-14,63399
2014-10-15,62626
2014-10-16,63575
2014-10-17,62550
2014-10-18,55517
2014-10-19,53074
2014-10-20,64184
2014-10-21,64634
2014-10-22,63487
2014-10-23,64120
2014-10-24,63436
2014-10-25,56092
2014-10-26,53111
2014-10-27,64128
2014-10-28,64811
2014-10-29,63902
2014-10-30,64653
2014-10-31,64278
2014-11-01,56233
2014-11-02,53691
2014-11-03,63871
2014-11-04,64057
2014-11-05,63214
2014-11-06,64014
2014-11-07,63578
2014-11-08,57532
2014-11-09,54438
2014-11-10,64539
2014-11-11,64580
2014-11-12,65941
2014-11-13,69007
2014-11-14,68655
2014-11-15,60196
2014-11-16,56052
2014-11-17,67858
2014-11-18,68121
2014-11-19,69334
2014-11-20,67975
2014-11-21,67839
2014-11-22,59676
2014-11-23,56032
2014-11-24,68325
2014-11-25,67793
2014-11-26,67069
2014-11-27,67129
2014-11-28,68433
2014-11-29,58884
2014-11-30,55881
2014-12-01,72007
2014-12-02,74227
2014-12-03,74641
2014-12-04,74965
2014-12-05,75608
2014-12-06,67124
2014-12-07,62896
2014-12-08,75976
2014-12-09,76994
2014-12-10,75726
2014-12-11,74831
2014-12-12,76682
2014-12-13,66955
2014-12-14,63231
2014-12-15,77587
2014-12-16,77950
2014-12-17,80154
2014-12-18,78892
2014-12-19,79619
2014-12-20,67176
2014-12-21,64686
2014-12-22,79156
2014-12-23,77981
2014-12-24,74969
2014-12-25,65667
2014-12-26,74911
2014-12-27,65458
2014-12-28,61769
2014-12-29,74198
2014-12-30,72542
2014-12-31,71745
2015-01-01,61739
2015-01-02,69797
2015-01-03,64079
2015-01-04,61203
2015-01-05,75118
2015-01-06,74547
2015-01-07,77597
2015-01-08,77796
2015-01-09,77107
2015-01-10,66147
2015-01-11,62260
2015-01-12,76899
2015-01-13,77150
2015-01-14,76363
2015-01-15,74662
2015-01-16,75615
2015-01-17,66531
2015-01-18,62801
2015-01-19,74564
2015-01-20,76235
2015-01-21,75544
2015-01-22,73723
2015-01-23,73957
2015-01-24,64081
2015-01-25,60041
2015-01-26,73232
2015-01-27,74412
2015-01-28,76557
2015-01-29,76407
2015-01-30,75223
2015-01-31,66124
2015-02-01,61909
2015-02-02,76071
2015-02-03,76039
2015-02-04,75795
2015-02-05,75568
2015-02-06,75326
2015-02-07,66074
2015-02-08,64160
2015-02-09,78790
2015-02-10,75019
2015-02-11,74650
2015-02-12,74263
2015-02-13,75325
2015-02-14,66381
2015-02-15,60953
2015-02-16,72707
2015-02-17,69509
2015-02-18,58143
2015-02-19,52266
2015-02-20,52756
2015-02-21,54759
2015-02-22,57926
2015-02-23,71663
2015-02-24,71195
2015-02-25,71105
2015-02-26,70678
2015-02-27,73371
2015-02-28,64908
2015-03-01,59786
2015-03-02,71982
2015-03-03,74129
2015-03-04,74815
2015-03-05,74289
2015-03-06,73317
2015-03-07,62615
2015-03-08,57792
2015-03-09,70053
2015-03-10,75375
2015-03-11,73483
2015-03-12,72718
2015-03-13,71828
2015-03-14,61622
2015-03-15,57815
2015-03-16,69413
2015-03-17,68242
2015-03-18,68802
2015-03-19,66798
2015-03-20,66148
2015-03-21,57464
2015-03-22,55520
2015-03-23,66568
2015-03-24,67669
2015-03-25,67829
2015-03-26,66899
2015-03-27,66385
2015-03-28,57762
2015-03-29,54591
2015-03-30,63670
2015-03-31,65746
2015-04-01,65584
2015-04-02,64708
2015-04-03,65030
2015-04-04,56498
2015-04-05,54596
2015-04-06,65749
2015-04-07,66436
2015-04-08,66582
2015-04-09,65751
2015-04-10,64409
2015-04-11,56499
2015-04-12,54000
2015-04-13,64956
2015-04-14,65786
2015-04-15,65086
2015-04-16,65211
2015-04-17,63104
2015-04-18,56800
2015-04-19,54102
2015-04-20,65618
2015-04-21,63196
2015-04-22,62719
2015-04-23,62522
2015-04-24,61939
2015-04-25,55101
2015-04-26,52441
2015-04-27,61897
2015-04-28,62730
2015-04-29,63540
2015-04-30,62204
2015-05-01,54959
2015-05-02,53086
2015-05-03,51611
2015-05-04,57053
2015-05-05,55179
2015-05-06,61056
2015-05-07,61489
2015-05-08,62005
2015-05-09,55800
2015-05-10,52096
2015-05-11,62407
2015-05-12,61499
2015-05-13,62025
2015-05-14,63827
2015-05-15,64069
2015-05-16,56217
2015-05-17,52474
2015-05-18,62864
2015-05-19,63092
2015-05-20,62147
2015-05-21,63145
2015-05-22,63627
2015-05-23,56701
2015-05-24,51931
2015-05-25,56379
2015-05-26,65143
2015-05-27,66092
2015-05-28,66923
2015-05-29,67107
2015-05-30,58526
2015-05-31,53681
2015-06-01,65718
2015-06-02,66172
2015-06-03,65327
2015-06-04,66264
2015-06-05,63284
2015-06-06,56114
2015-06-07,53713
2015-06-08,65474
2015-06-09,66364
2015-06-10,68573
2015-06-11,67071
2015-06-12,67843
2015-06-13,60698
2015-06-14,55037
2015-06-15,69112
2015-06-16,69508
2015-06-17,68766
2015-06-18,68456
2015-06-19,68273
2015-06-20,59363
2015-06-21,54945
2015-06-22,67716
2015-06-23,69046
2015-06-24,69882
2015-06-25,68538
2015-06-26,66006
2015-06-27,59267
2015-06-28,55007
2015-06-29,69381
2015-06-30,68545
2015-07-01,67370
2015-07-02,68058
2015-07-03,67572
2015-07-04,58508
2015-07-05,54730
2015-07-06,68718
2015-07-07,67267
2015-07-08,67481
2015-07-09,69524
2015-07-10,71612
2015-07-11,65687
2015-07-12,57062
2015-07-13,67906
2015-07-14,72249
2015-07-15,73691
2015-07-16,69032
2015-07-17,67045
2015-07-18,60151
2015-07-19,57172
2015-07-20,72128
2015-07-21,73302
2015-07-22,74740
2015-07-23,75266
2015-07-24,71742
2015-07-25,64202
2015-07-26,60454
2015-07-27,73976
2015-07-28,76179
2015-07-29,74624
2015-07-30,76696
2015-07-31,74429
2015-08-01,62162
2015-08-02,60346
2015-08-03,65735
2015-08-04,67177
2015-08-05,69924
2015-08-06,75159
2015-08-07,76916
2015-08-08,69683
2015-08-09,62661
2015-08-10,76504
2015-08-11,76028
2015-08-12,73511
2015-08-13,74160
2015-08-14,69377
2015-08-15,64512
2015-08-16,59581
2015-08-17,74469
2015-08-18,75600
2015-08-19,75218
2015-08-20,74079
2015-08-21,72231
2015-08-22,64772
2015-08-23,59361
2015-08-24,73542
2015-08-25,68423
2015-08-26,67939
2015-08-27,69840
2015-08-28,70617
2015-08-29,62100
2015-08-30,57913
2015-08-31,72639
2015-09-01,72991
2015-09-02,72236
2015-09-03,71937
2015-09-04,72121
2015-09-05,62551
2015-09-06,55172
2015-09-07,68207
2015-09-08,67206
2015-09-09,67573
2015-09-10,67993
2015-09-11,67735
2015-09-12,59147
2015-09-13,53986
2015-09-14,66672
2015-09-15,66393
2015-09-16,66232
2015-09-17,66608
2015-09-18,66562
2015-09-19,59505
2015-09-20,55707
2015-09-21,67755
2015-09-22,68297
2015-09-23,66815
2015-09-24,67067
2015-09-25,62960
2015-09-26,49043
2015-09-27,44389
2015-09-28,47846
2015-09-29,52106
2015-09-30,61103
2015-10-01,65322
2015-10-02,62303
2015-10-03,55982
2015-10-04,53269
2015-10-05,63691
2015-10-06,64572
2015-10-07,64311
2015-10-08,63497
2015-10-09,58063
2015-10-10,54244
2015-10-11,52812
2015-10-12,63312
2015-10-13,63812
2015-10-14,63625
2015-10-15,64576
2015-10-16,63790
2015-10-17,56043
2015-10-18,53494
2015-10-19,64033
2015-10-20,65040
2015-10-21,64102
2015-10-22,64211
2015-10-23,63199
2015-10-24,55946
2015-10-25,52758
2015-10-26,63891
2015-10-27,64385
2015-10-28,63356
2015-10-29,64520
2015-10-30,64239
2015-10-31,56721
2015-11-01,54224
2015-11-02,64439
2015-11-03,64524
2015-11-04,64007
2015-11-05,63626
2015-11-06,63785
2015-11-07,58830
2015-11-08,54098
2015-11-09,65021
2015-11-10,65234
2015-11-11,64221
2015-11-12,64451
2015-11-13,66214
2015-11-14,57776
2015-11-15,54480
2015-11-16,65914
2015-11-17,65056
2015-11-18,66812
2015-11-19,66358
2015-11-20,65527
2015-11-21,58603
2015-11-22,54692
2015-11-23,66940
2015-11-24,67791
2015-11-25,70103
2015-11-26,73301
2015-11-27,73965
2015-11-28,63822
2015-11-29,58656
2015-11-30,70678
2015-12-01,72117
2015-12-02,71955
2015-12-03,74781
2015-12-04,74655
2015-12-05,62921
2015-12-06,59924
2015-12-07,73760
2015-12-08,73169
2015-12-09,73300
2015-12-10,72052
2015-12-11,71554
2015-12-12,61903
2015-12-13,58055
2015-12-14,71845
2015-12-15,71928
2015-12-16,73369
2015-12-17,76340
2015-12-18,77282
2015-12-19,65145
2015-12-20,60678
2015-12-21,75526
2015-12-22,74781
2015-12-23,72896
2015-12-24,72706
2015-12-25,62658
2015-12-26,61301
2015-12-27,61544
2015-12-28,75834
2015-12-29,76087
2015-12-30,74257
2015-12-31,69887
2016-01-01,59662
2016-01-02,58562
2016-01-03,58280
2016-01-04,71516
2016-01-05,76909
2016-01-06,76602
2016-01-07,76531
2016-01-08,76982
2016-01-09,66036
2016-01-10,61698
2016-01-11,76764
2016-01-12,78291
2016-01-13,78819
2016-01-14,78269
2016-01-15,77494
2016-01-16,66852
2016-01-17,61528
2016-01-18,78462
2016-01-19,82123
2016-01-20,81861
2016-01-21,82972
2016-01-22,80802
2016-01-23,71326
2016-01-24,67807
2016-01-25,82811
2016-01-26,81877
2016-01-27,79191
2016-01-28,80274
2016-01-29,78730
2016-01-30,67071
2016-01-31,63782
2016-02-01,79041
2016-02-02,80020
2016-02-03,79833
2016-02-04,78046
2016-02-05,76775
2016-02-06,64785
2016-02-07,60053
2016-02-08,54354
2016-02-09,56144
2016-02-10,58442
2016-02-11,71422
2016-02-12,72165
2016-02-13,61690
2016-02-14,62099
2016-02-15,76750
2016-02-16,77048
2016-02-17,75386
2016-02-18,74491
2016-02-19,73525
2016-02-20,63910
2016-02-21,61244
2016-02-22,75055
2016-02-23,73020
2016-02-24,74895
2016-02-25,74692
2016-02-26,74143
2016-02-27,62835
2016-02-28,60454
2016-02-29,75081
2016-03-01,65659
2016-03-02,75697
2016-03-03,73339
2016-03-04,71181
2016-03-05,61088
2016-03-06,56541
2016-03-07,68654
2016-03-08,71496
2016-03-09,73394
2016-03-10,73534
2016-03-11,73355
2016-03-12,63026
2016-03-13,58472
2016-03-14,71811
2016-03-15,71249
2016-03-16,70048
2016-03-17,68585
2016-03-18,68855
2016-03-19,58798
2016-03-20,55692
2016-03-21,65976
2016-03-22,66468
2016-03-23,66518
2016-03-24,67411
2016-03-25,67803
2016-03-26,59204
2016-03-27,56066
2016-03-28,66453
2016-03-29,66996
2016-03-30,65286
2016-03-31,65372
2016-04-01,63321
2016-04-02,56000
2016-04-03,54758
2016-04-04,64622
2016-04-05,63821
2016-04-06,63973
2016-04-07,65765
2016-04-08,64364
2016-04-09,56897
2016-04-10,53991
2016-04-11,63842
2016-04-12,63629
2016-04-13,61592
2016-04-14,64045
2016-04-15,62730
2016-04-16,56605
2016-04-17,53629
2016-04-18,63016
2016-04-19,63025
2016-04-20,63040
2016-04-21,65489
2016-04-22,62611
2016-04-23,56709
2016-04-24,53148
2016-04-25,61770
2016-04-26,63140
2016-04-27,64566
2016-04-28,62761
2016-04-29,61635
2016-04-30,54824
2016-05-01,52528
2016-05-02,63788
2016-05-03,64682
2016-05-04,60799
2016-05-05,56793
2016-05-06,57534
2016-05-07,53034
2016-05-08,52557
2016-05-09,63579
2016-05-10,64634
2016-05-11,62605
2016-05-12,63305
2016-05-13,63059
2016-05-14,55611
2016-05-15,53811
2016-05-16,62267
2016-05-17,63763
2016-05-18,64944
2016-05-19,66331
2016-05-20,66044
2016-05-21,57439
2016-05-22,54753
2016-05-23,66919
2016-05-24,65836
2016-05-25,65014
2016-05-26,66201
2016-05-27,66831
2016-05-28,58181
2016-05-29,54762
2016-05-30,67467
2016-05-31,68011
2016-06-01,66550
2016-06-02,67243
2016-06-03,67242
2016-06-04,58332
2016-06-05,54852
2016-06-06,58231
2016-06-07,66902
2016-06-08,67384
2016-06-09,68792
2016-06-10,69908
2016-06-11,61226
2016-06-12,56360
2016-06-13,69342
2016-06-14,69628
2016-06-15,68154
2016-06-16,67964
2016-06-17,69037
2016-06-18,61326
2016-06-19,57111
2016-06-20,71333
2016-06-21,72018
2016-06-22,72340
2016-06-23,72816
2016-06-24,70325
2016-06-25,59406
2016-06-26,56370
2016-06-27,70520
2016-06-28,71431
2016-06-29,71556
2016-06-30,72528
2016-07-01,72275
2016-07-02,61952
2016-07-03,56509
2016-07-04,69487
2016-07-05,72993
2016-07-06,71949
2016-07-07,73086
2016-07-08,74997
2016-07-09,66515
2016-07-10,61203
2016-07-11,78197
2016-07-12,76630
2016-07-13,76326
2016-07-14,76203
2016-07-15,74767
2016-07-16,62859
2016-07-17,57401
2016-07-18,71810
2016-07-19,75150
2016-07-20,76667
2016-07-21,76366
2016-07-22,77815
2016-07-23,69122
2016-07-24,65790
2016-07-25,80215
2016-07-26,81110
2016-07-27,80482
2016-07-28,79547
2016-07-29,76408
2016-07-30,66669
2016-07-31,64469
2016-08-01,68944
2016-08-02,68743
2016-08-03,69613
2016-08-04,75694
2016-08-05,77573
2016-08-06,71602
2016-08-07,67510
2016-08-08,83700
2016-08-09,82724
2016-08-10,83123
2016-08-11,84974
2016-08-12,85183
2016-08-13,74429
2016-08-14,67993
2016-08-15,71947
2016-08-16,83068
2016-08-17,83296
2016-08-18,83742
2016-08-19,82770
2016-08-20,72886
2016-08-21,67470
2016-08-22,83731
2016-08-23,82564
2016-08-24,81362
2016-08-25,81780
2016-08-26,71673
2016-08-27,61325
2016-08-28,55005
2016-08-29,67384
2016-08-30,66987
2016-08-31,66093
2016-09-01,72151
2016-09-02,70674
2016-09-03,62793
2016-09-04,59979
2016-09-05,75299
2016-09-06,74763
2016-09-07,74096
2016-09-08,72779
2016-09-09,72942
2016-09-10,64267
2016-09-11,59361
2016-09-12,70245
2016-09-13,67051
2016-09-14,50931
2016-09-15,48036
2016-09-16,51254
2016-09-17,52183
2016-09-18,55063
2016-09-19,66807
2016-09-20,65571
2016-09-21,65243
2016-09-22,66526
2016-09-23,67087
2016-09-24,59413
2016-09-25,55864
2016-09-26,68737
2016-09-27,69576
2016-09-28,68539
2016-09-29,66486
2016-09-30,65346
2016-10-01,57724
2016-10-02,54396
2016-10-03,59881
2016-10-04,68076
2016-10-05,66398
2016-10-06,65864
2016-10-07,66082
2016-10-08,58538
2016-10-09,53219
2016-10-10,64320
2016-10-11,65143
2016-10-12,64249
2016-10-13,65420
2016-10-14,64400
2016-10-15,56484
2016-10-16,54441
2016-10-17,65430
2016-10-18,66241
2016-10-19,65157
2016-10-20,66271
2016-10-21,64898
2016-10-22,57118
2016-10-23,54151
2016-10-24,65420
2016-10-25,66171
2016-10-26,64893
2016-10-27,65786
2016-10-28,65408
2016-10-29,58250
2016-10-30,54656
2016-10-31,68282
2016-11-01,68949
2016-11-02,68711
2016-11-03,68016
2016-11-04,67038
2016-11-05,58041
2016-11-06,55010
2016-11-07,65572
2016-11-08,68309
2016-11-09,67885
2016-11-10,69906
2016-11-11,67352
2016-11-12,58495
2016-11-13,55217
2016-11-14,66834
2016-11-15,67832
2016-11-16,68765
2016-11-17,67768
2016-11-18,67877
2016-11-19,60212
2016-11-20,55821
2016-11-21,68476
2016-11-22,71284
2016-11-23,72066
2016-11-24,74022
2016-11-25,73611
2016-11-26,66203
2016-11-27,59455
2016-11-28,73520
2016-11-29,74156
2016-11-30,74959
2016-12-01,72598
2016-12-02,73589
2016-12-03,62882
2016-12-04,58853
2016-12-05,72596
2016-12-06,74652
2016-12-07,76917
2016-12-08,76313
2016-12-09,73993
2016-12-10,65024
2016-12-11,61800
2016-12-12,77426
2016-12-13,76461
2016-12-14,77634
2016-12-15,78945
2016-12-16,79966
2016-12-17,67116
2016-12-18,61057
2016-12-19,76506
2016-12-20,74281
2016-12-21,74306
2016-12-22,73690
2016-12-23,77048
2016-12-24,66078
2016-12-25,61186
2016-12-26,77204
2016-12-27,76864
2016-12-28,77863
2016-12-29,77900
2016-12-30,76199
2016-12-31,63693
2017-01-01,59234
2017-01-02,72901
2017-01-03,75471
2017-01-04,75778
2017-01-05,76304
2017-01-06,74060
2017-01-07,64879
2017-01-08,59058
2017-01-09,75090
2017-01-10,76690
2017-01-11,78898
2017-01-12,78403
2017-01-13,80079
2017-01-14,69894
2017-01-15,66021
2017-01-16,80790
2017-01-17,81681
2017-01-18,79959
2017-01-19,80171
2017-01-20,81765
2017-01-21,71225
2017-01-22,66749
2017-01-23,83657
2017-01-24,82884
2017-01-25,81686
2017-01-26,78670
2017-01-27,62908
2017-01-28,56442
2017-01-29,57667
2017-01-30,62634
2017-01-31,77034
2017-02-01,80173
2017-02-02,80243
2017-02-03,78232
2017-02-04,67533
2017-02-05,62577
2017-02-06,78251
2017-02-07,80163
2017-02-08,79274
2017-02-09,80002
2017-02-10,81268
2017-02-11,69363
2017-02-12,64047
2017-02-13,79050
2017-02-14,78279
2017-02-15,77770
2017-02-16,75604
2017-02-17,74358
2017-02-18,65574
2017-02-19,61553
2017-02-20,76063
2017-02-21,77149
2017-02-22,78523
2017-02-23,75909
2017-02-24,75970
2017-02-25,64596
2017-02-26,60444
2017-02-27,73564
2017-02-28,73617
2017-03-01,64523
2017-03-02,75921
2017-03-03,74262
2017-03-04,62651
2017-03-05,58780
2017-03-06,73396
2017-03-07,76756
2017-03-08,76634
2017-03-09,74556
2017-03-10,73349
2017-03-11,62468
2017-03-12,57589
2017-03-13,70385
2017-03-14,70674
2017-03-15,71134
2017-03-16,70775
2017-03-17,70322
2017-03-18,61921
2017-03-19,56890
2017-03-20,69809
2017-03-21,68210
2017-03-22,70170
2017-03-23,69549
2017-03-24,69257
2017-03-25,61395
2017-03-26,57467
2017-03-27,70135
2017-03-28,70060
2017-03-29,69891
2017-03-30,67807
2017-03-31,68976
2017-04-01,59219
2017-04-02,56420
2017-04-03,65686
2017-04-04,65973
2017-04-05,68200
2017-04-06,69129
2017-04-07,65396
2017-04-08,56759
2017-04-09,54617
2017-04-10,63993
2017-04-11,65921
2017-04-12,64262
2017-04-13,64430
2017-04-14,64493
2017-04-15,55961
2017-04-16,54282
2017-04-17,66355
2017-04-18,65101
2017-04-19,62985
2017-04-20,65335
2017-04-21,63284
2017-04-22,56424
2017-04-23,54420
2017-04-24,63820
2017-04-25,64533
2017-04-26,63329
2017-04-27,63751
2017-04-28,62861
2017-04-29,55507
2017-04-30,54163
2017-05-01,56790
2017-05-02,62100
2017-05-03,58991
2017-05-04,60366
2017-05-05,56195
2017-05-06,53271
2017-05-07,53449
2017-05-08,63803
2017-05-09,61163
2017-05-10,65137
2017-05-11,65315
2017-05-12,66500
2017-05-13,57892
2017-05-14,54246
2017-05-15,64452
2017-05-16,64434
2017-05-17,65506
2017-05-18,66176
2017-05-19,66619
2017-05-20,58028
2017-05-21,55580
2017-05-22,67482
2017-05-23,67772
2017-05-24,67810
2017-05-25,67007
2017-05-26,64402
2017-05-27,56633
2017-05-28,55277
2017-05-29,69854
2017-05-30,69887
2017-05-31,69234
2017-06-01,68853
2017-06-02,65633
2017-06-03,56898
2017-06-04,54654
2017-06-05,65530
2017-06-06,61087
2017-06-07,67008
2017-06-08,66753
2017-06-09,67241
2017-06-10,58759
2017-06-11,55233
2017-06-12,66895
2017-06-13,68006
2017-06-14,68179
2017-06-15,70246
2017-06-16,71332
2017-06-17,61261
2017-06-18,57785
2017-06-19,72473
2017-06-20,73961
2017-06-21,73408
2017-06-22,73196
2017-06-23,75077
2017-06-24,63296
2017-06-25,58182
2017-06-26,73186
2017-06-27,73199
2017-06-28,74442
2017-06-29,74958
2017-06-30,75413
2017-07-01,64637
2017-07-02,61902
2017-07-03,77051
2017-07-04,78325
2017-07-05,78494
2017-07-06,80673
2017-07-07,78640
2017-07-08,68187
2017-07-09,64400
2017-07-10,78441
2017-07-11,79685
2017-07-12,80087
2017-07-13,81830
2017-07-14,83214
2017-07-15,69532
2017-07-16,65320
2017-07-17,81042
2017-07-18,80451
2017-07-19,82682
2017-07-20,84558
2017-07-21,84586
2017-07-22,75408
2017-07-23,68319
2017-07-24,82052
2017-07-25,83321
2017-07-26,80610
2017-07-27,79180
2017-07-28,78700
2017-07-29,66214
2017-07-30,63971
2017-07-31,69467
2017-08-01,71974
2017-08-02,73103
2017-08-03,74343
2017-08-04,76990
2017-08-05,72300
2017-08-06,70906
2017-08-07,84489
2017-08-08,83775
2017-08-09,80418
2017-08-10,79807
2017-08-11,80629
2017-08-12,69570
2017-08-13,61500
2017-08-14,72855
2017-08-15,67072
2017-08-16,75902
2017-08-17,77288
2017-08-18,77648
2017-08-19,67973
2017-08-20,62497
2017-08-21,79104
2017-08-22,80879
2017-08-23,83840
2017-08-24,83432
2017-08-25,79071
2017-08-26,63547
2017-08-27,59950
2017-08-28,75454
2017-08-29,71234
2017-08-30,68797
2017-08-31,70229
2017-09-01,70931
2017-09-02,61591
2017-09-03,58814
2017-09-04,72688
2017-09-05,71944
2017-09-06,71880
2017-09-07,71699
2017-09-08,73038
2017-09-09,64087
2017-09-10,59509
2017-09-11,70946
2017-09-12,72229
2017-09-13,70373
2017-09-14,71099
2017-09-15,69521
2017-09-16,60602
2017-09-17,58088
2017-09-18,71299
2017-09-19,73115
2017-09-20,68979
2017-09-21,69362
2017-09-22,69987
2017-09-23,61791
2017-09-24,59195
2017-09-25,72798
2017-09-26,72947
2017-09-27,70978
2017-09-28,68330
2017-09-29,64707
2017-09-30,58351
2017-10-01,56530
2017-10-02,55447
2017-10-03,48934
2017-10-04,46004
2017-10-05,48919
2017-10-06,52312
2017-10-07,54716
2017-10-08,56165
2017-10-09,62781
2017-10-10,70113
2017-10-11,68423
2017-10-12,67158
2017-10-13,66400
2017-10-14,58848
2017-10-15,56499
2017-10-16,67783
2017-10-17,68021
2017-10-18,67701
2017-10-19,68224
2017-10-20,66981
2017-10-21,58896
2017-10-22,56047
2017-10-23,67501
2017-10-24,67971
2017-10-25,67111
2017-10-26,67751
2017-10-27,66589
2017-10-28,58510
2017-10-29,56295
2017-10-30,68265
2017-10-31,67675
2017-11-01,66262
2017-11-02,67063
2017-11-03,66731
2017-11-04,58933
2017-11-05,56809
2017-11-06,68148
2017-11-07,67851
2017-11-08,66862
2017-11-09,67500
2017-11-10,68299
2017-11-11,59621
2017-11-12,57618
2017-11-13,70689
2017-11-14,70501
2017-11-15,71978
2017-11-16,72971
2017-11-17,74345
2017-11-18,64400
2017-11-19,61715
2017-11-20,76794
2017-11-21,77327
2017-11-22,77349
2017-11-23,77003
2017-11-24,77605
2017-11-25,65980
2017-11-26,61257
2017-11-27,76318
2017-11-28,76519
2017-11-29,74378
2017-11-30,77048
2017-12-01,77668
2017-12-02,66179
2017-12-03,61218
2017-12-04,79221
2017-12-05,80788
2017-12-06,80911
2017-12-07,80127
2017-12-08,81361
2017-12-09,68767
2017-12-10,64000
2017-12-11,83927
2017-12-12,85133
2017-12-13,84012
2017-12-14,84968
2017-12-15,84115
2017-12-16,70890
2017-12-17,66825
2017-12-18,84640
2017-12-19,83873
2017-12-20,83664
2017-12-21,83450
2017-12-22,81852
2017-12-23,67211
2017-12-24,63302
2017-12-25,66498
2017-12-26,81374
2017-12-27,83589
2017-12-28,83478
2017-12-29,78857
2017-12-30,64779
2017-12-31,62446
2018-01-01,62145
2018-01-02,79331
2018-01-03,81596
2018-01-04,84027
2018-01-05,82551
2018-01-06,68502
2018-01-07,64428
2018-01-08,83012
2018-01-09,84021
2018-01-10,84978
2018-01-11,85612
2018-01-12,85497
2018-01-13,72843
2018-01-14,66286
2018-01-15,80495
2018-01-16,82564
2018-01-17,80766
2018-01-18,79748
2018-01-19,79633
2018-01-20,67813
2018-01-21,63917
2018-01-22,80609
2018-01-23,85442
2018-01-24,86277
2018-01-25,87247
2018-01-26,87063
2018-01-27,74418
2018-01-28,68496
2018-01-29,86561
2018-01-30,86754
2018-01-31,85260
2018-02-01,83904
2018-02-02,84653
2018-02-03,72685
2018-02-04,69711
2018-02-05,87623
2018-02-06,88238
2018-02-07,87513
2018-02-08,87277
2018-02-09,84660
2018-02-10,71240
2018-02-11,68538
2018-02-12,86637
2018-02-13,83809
2018-02-14,77843
2018-02-15,63182
2018-02-16,57733
2018-02-17,59867
2018-02-18,61172
2018-02-19,76438
2018-02-20,79383
2018-02-21,80128
2018-02-22,79662
2018-02-23,79069
2018-02-24,66278
2018-02-25,63005
2018-02-26,76656
2018-02-27,77133
2018-02-28,78122
2018-03-01,68728
2018-03-02,76433
2018-03-03,64571
2018-03-04,58887
2018-03-05,77198
2018-03-06,74384
2018-03-07,75974
2018-03-08,78855
2018-03-09,75922
2018-03-10,64427
2018-03-11,59781
2018-03-12,73285
2018-03-13,71017
2018-03-14,68060
2018-03-15,71174
2018-03-16,72510
2018-03-17,61946
2018-03-18,58324
2018-03-19,72795
2018-03-20,72583
2018-03-21,78017
2018-03-22,73423
2018-03-23,72231
2018-03-24,61698
2018-03-25,57513
2018-03-26,69467
2018-03-27,67622
2018-03-28,66068
2018-03-29,67110
2018-03-30,65637
2018-03-31,57558
2018-04-01,56397
2018-04-02,65846
2018-04-03,66335
2018-04-04,68281
2018-04-05,70520
2018-04-06,69296
2018-04-07,60912
2018-04-08,58110
2018-04-09,68149
2018-04-10,66523
2018-04-11,65533
2018-04-12,66438
2018-04-13,66251
2018-04-14,62481
2018-04-15,56623
2018-04-16,65800
2018-04-17,66456
2018-04-18,65506
2018-04-19,66264
2018-04-20,65575
2018-04-21,57277
2018-04-22,56420
2018-04-23,69692
2018-04-24,68449
2018-04-25,64939
2018-04-26,65403
2018-04-27,64547
2018-04-28,56946
2018-04-29,55893
2018-04-30,64781
2018-05-01,60435
2018-05-02,67840
2018-05-03,65747
2018-05-04,63828
2018-05-05,56278
2018-05-06,55321
2018-05-07,60354
2018-05-08,65600
2018-05-09,65350
2018-05-10,65752
2018-05-11,65425
2018-05-12,60553
2018-05-13,55959
2018-05-14,66805
2018-05-15,70067
2018-05-16,72229
2018-05-17,73173
2018-05-18,70160
2018-05-19,57867
2018-05-20,55326
2018-05-21,64307
2018-05-22,60900
2018-05-23,65409
2018-05-24,66977
2018-05-25,67071
2018-05-26,58811
2018-05-27,56576
2018-05-28,70232
2018-05-29,70664
2018-05-30,70407
2018-05-31,69024
2018-06-01,70127
2018-06-02,59990
2018-06-03,58359
2018-06-04,71429
2018-06-05,71221
2018-06-06,65117
2018-06-07,73379
2018-06-08,71187
2018-06-09,61116
2018-06-10,56753
2018-06-11,68243
2018-06-12,68930
2018-06-13,65009
2018-06-14,68133
2018-06-15,68421
2018-06-16,58833
2018-06-17,58275
2018-06-18,73210
2018-06-19,72215
2018-06-20,72551
2018-06-21,72656
2018-06-22,73832
2018-06-23,61832
2018-06-24,60899
2018-06-25,76606
2018-06-26,75237
2018-06-27,74803
2018-06-28,74820
2018-06-29,75049
2018-06-30,65571
2018-07-01,60609
2018-07-02,75611
2018-07-03,77312
2018-07-04,78919
2018-07-05,77530
2018-07-06,73639
2018-07-07,60855
2018-07-08,58944
2018-07-09,70920
2018-07-10,76258
2018-07-11,79406
2018-07-12,81393
2018-07-13,82076
2018-07-14,70700
2018-07-15,69798
2018-07-16,86306
2018-07-17,86286
2018-07-18,86710
2018-07-19,87591
2018-07-20,88080
2018-07-21,76999
2018-07-22,73794
2018-07-23,90695
2018-07-24,92478
2018-07-25,90399
2018-07-26,90682
2018-07-27,90678
2018-07-28,77487
2018-07-29,72063
2018-07-30,82882
2018-07-31,83087
2018-08-01,82486
2018-08-02,82283
2018-08-03,81589
2018-08-04,74087
2018-08-05,74791
2018-08-06,88816
2018-08-07,88873
2018-08-08,88955
2018-08-09,88582
2018-08-10,87807
2018-08-11,75167
2018-08-12,73509
2018-08-13,91405
2018-08-14,91548
2018-08-15,83275
2018-08-16,88720
2018-08-17,80289
2018-08-18,67131
2018-08-19,66730
2018-08-20,83917
2018-08-21,84025
2018-08-22,87911
2018-08-23,84786
2018-08-24,79844
2018-08-25,68483
2018-08-26,61434
2018-08-27,77224
2018-08-28,79359
2018-08-29,80284
2018-08-30,81281
2018-08-31,77420
2018-09-01,65117
2018-09-02,62574
2018-09-03,78405
2018-09-04,76268
2018-09-05,75416
2018-09-06,76604
2018-09-07,73304
2018-09-08,61542
2018-09-09,59747
2018-09-10,72230
2018-09-11,71320
2018-09-12,73004
2018-09-13,73607
2018-09-14,73530
2018-09-15,64896
2018-09-16,61788
2018-09-17,73080
2018-09-18,72897
2018-09-19,72654
2018-09-20,71784
2018-09-21,69729
2018-09-22,57029
2018-09-23,51604
2018-09-24,47981
2018-09-25,51414
2018-09-26,55992
2018-09-27,65404
2018-09-28,66524
2018-09-29,59632
2018-09-30,57311
2018-10-01,66789
2018-10-02,66291
2018-10-03,63204
2018-10-04,68210
2018-10-05,68545
2018-10-06,60380
2018-10-07,56947
2018-10-08,66445
2018-10-09,63339
2018-10-10,67212
2018-10-11,67931
2018-10-12,66908
2018-10-13,58171
2018-10-14,57197
2018-10-15,67919
2018-10-16,68140
2018-10-17,67428
2018-10-18,68273
2018-10-19,66699
2018-10-20,58460
2018-10-21,57268
2018-10-22,67942
2018-10-23,68261
2018-10-24,67241
2018-10-25,68029
2018-10-26,68352
2018-10-27,59055
2018-10-28,57363
2018-10-29,69629
2018-10-30,70329
2018-10-31,69211
2018-11-01,69302
2018-11-02,68213
2018-11-03,59940
2018-11-04,58032
2018-11-05,68082
2018-11-06,68452
2018-11-07,70063
2018-11-08,71046
2018-11-09,69575
2018-11-10,59583
2018-11-11,58243
2018-11-12,67888
2018-11-13,69176
2018-11-14,69403
2018-11-15,69041
2018-11-16,71160
2018-11-17,60668
2018-11-18,59566
2018-11-19,71325
2018-11-20,72086
2018-11-21,74205
2018-11-22,73930
2018-11-23,74515
2018-11-24,66283
2018-11-25,60418
2018-11-26,74393
2018-11-27,74408
2018-11-28,74495
2018-11-29,75914
2018-11-30,74676
2018-12-01,63484
2018-12-02,60232
2018-12-03,73728
2018-12-04,73600
2018-12-05,76287
2018-12-06,78157
2018-12-07,82072
2018-12-08,69510
2018-12-09,67263
2018-12-10,83776
2018-12-11,85463
2018-12-12,83447
2018-12-13,83702
2018-12-14,83871
2018-12-15,70400
2018-12-16,65711
2018-12-17,81991
2018-12-18,81939
2018-12-19,80550
2018-12-20,81081
2018-12-21,79490
2018-12-22,65656
2018-12-23,63817
2018-12-24,77453
2018-12-25,67836
2018-12-26,79897
2018-12-27,84377
2018-12-28,86083
2018-12-29,71171
2018-12-30,67295
2018-12-31,74652
2019-01-01,65493
2019-01-02,82437
2019-01-03,84196
2019-01-04,84746
2019-01-05,69496
2019-01-06,66493
2019-01-07,84074
2019-01-08,83818
2019-01-09,85392
2019-01-10,83833
2019-01-11,81941
2019-01-12,68147
2019-01-13,64545
2019-01-14,81783
2019-01-15,81378
2019-01-16,84401
2019-01-17,82611
2019-01-18,81668
2019-01-19,67950
2019-01-20,65830
2019-01-21,82668
2019-01-22,81134
2019-01-23,80794
2019-01-24,80239
2019-01-25,81007
2019-01-26,68954
2019-01-27,65189
2019-01-28,80399
2019-01-29,81215
2019-01-30,80741
2019-01-31,83652
2019-02-01,80556
2019-02-02,67202
2019-02-03,60334
2019-02-04,57603
2019-02-05,55340
2019-02-06,56835
2019-02-07,72824
2019-02-08,79253
2019-02-09,67498
2019-02-10,65225
2019-02-11,81369
2019-02-12,81684
2019-02-13,80849
2019-02-14,81477
2019-02-15,81471
2019-02-16,67769
2019-02-17,64033
2019-02-18,80394
2019-02-19,82869
2019-02-20,79777
2019-02-21,78291
2019-02-22,77656
2019-02-23,65016
2019-02-24,60881
2019-02-25,74848
2019-02-26,74488
2019-02-27,74792
2019-02-28,73115
2019-03-01,63532
2019-03-02,60563
2019-03-03,59211
2019-03-04,71880
2019-03-05,73603
2019-03-06,73573
2019-03-07,72780
2019-03-08,72390
2019-03-09,62527
2019-03-10,59584
2019-03-11,72149
2019-03-12,73773
2019-03-13,74136
2019-03-14,73378
2019-03-15,73568
2019-03-16,63088
2019-03-17,59480
2019-03-18,72008
2019-03-19,70866
2019-03-20,71675
2019-03-21,71884
2019-03-22,71617
2019-03-23,62029
2019-03-24,59274
2019-03-25,72375
2019-03-26,70390
2019-03-27,68679
2019-03-28,68576
2019-03-29,67957
2019-03-30,59993
2019-03-31,59005
2019-04-01,68918
2019-04-02,69375
2019-04-03,68911
2019-04-04,68612
2019-04-05,69788
2019-04-06,59799
2019-04-07,57246
2019-04-08,66789
2019-04-09,70499
2019-04-10,73010
2019-04-11,68823
2019-04-12,65841
2019-04-13,58741
2019-04-14,57347
2019-04-15,65652
2019-04-16,65846
2019-04-17,64858
2019-04-18,65665
2019-04-19,67286
2019-04-20,57536
2019-04-21,56357
2019-04-22,65036
2019-04-23,67676
2019-04-24,66843
2019-04-25,68406
2019-04-26,68703
2019-04-27,58248
2019-04-28,56304
2019-04-29,68904
2019-04-30,65866
2019-05-01,59257
2019-05-02,64347
2019-05-03,63488
2019-05-04,55891
2019-05-05,54877
2019-05-06,59232
2019-05-07,64119
2019-05-08,65191
2019-05-09,64637
2019-05-10,65051
2019-05-11,56737
2019-05-12,55971
2019-05-13,66385
2019-05-14,66716
2019-05-15,68076
2019-05-16,69631
2019-05-17,69583
2019-05-18,58102
2019-05-19,57545
2019-05-20,64838
2019-05-21,65571
2019-05-22,66689
2019-05-23,68535
2019-05-24,70964
2019-05-25,58952
2019-05-26,57613
2019-05-27,69700
2019-05-28,66168
2019-05-29,67474
2019-05-30,68850
2019-05-31,64992
2019-06-01,56860
2019-06-02,56758
2019-06-03,69235
2019-06-04,70611
2019-06-05,70897
2019-06-06,65996
2019-06-07,65956
2019-06-08,57222
2019-06-09,56627
2019-06-10,67097
2019-06-11,67125
2019-06-12,68360
2019-06-13,69302
2019-06-14,70094
2019-06-15,58299
2019-06-16,57589
2019-06-17,69144
2019-06-18,70283
2019-06-19,71045
2019-06-20,72419
2019-06-21,71392
2019-06-22,59611
2019-06-23,58504
2019-06-24,72358
2019-06-25,74192
2019-06-26,72691
2019-06-27,75206
2019-06-28,73877
2019-06-29,61863
2019-06-30,60661
2019-07-01,73799
2019-07-02,73871
2019-07-03,74051
2019-07-04,75978
2019-07-05,77081
2019-07-06,64664
2019-07-07,61231
2019-07-08,74511
2019-07-09,74847
2019-07-10,73582
2019-07-11,73762
2019-07-12,73720
2019-07-13,62192
2019-07-14,62384
2019-07-15,75227
2019-07-16,77005
2019-07-17,77875
2019-07-18,78538
2019-07-19,81037
2019-07-20,68096
2019-07-21,64826
2019-07-22,81923
2019-07-23,84164
2019-07-24,82716
2019-07-25,82349
2019-07-26,80943
2019-07-27,71548
2019-07-28,67137
2019-07-29,80114
2019-07-30,81567
2019-07-31,78182
2019-08-01,77967
2019-08-02,77913
2019-08-03,70485
2019-08-04,70852
2019-08-05,82885
2019-08-06,82491
2019-08-07,81077
2019-08-08,84356
2019-08-09,85400
2019-08-10,75211
2019-08-11,73304
2019-08-12,86941
2019-08-13,90314
2019-08-14,90052
2019-08-15,75693
2019-08-16,81147
2019-08-17,68337
2019-08-18,66051
2019-08-19,81590
2019-08-20,83162
2019-08-21,83782
2019-08-22,82264
2019-08-23,79012
2019-08-24,64735
2019-08-25,63326
2019-08-26,79478
2019-08-27,77998
2019-08-28,79037
2019-08-29,76683
2019-08-30,73735
2019-08-31,63393
2019-09-01,61847
2019-09-02,76231
2019-09-03,77067
2019-09-04,77939
2019-09-05,79390
2019-09-06,79916
2019-09-07,68972
2019-09-08,65686
2019-09-09,78980
2019-09-10,78650
2019-09-11,73271
2019-09-12,55025
2019-09-13,50583
2019-09-14,55077
2019-09-15,58401
2019-09-16,71926
2019-09-17,72654
2019-09-18,71310
2019-09-19,71203
2019-09-20,68997
2019-09-21,60423
2019-09-22,57175
2019-09-23,67955
2019-09-24,68030
2019-09-25,69484
2019-09-26,70942
2019-09-27,70695
2019-09-28,61652
2019-09-29,59910
2019-09-30,72703
2019-10-01,73550
2019-10-02,72674
2019-10-03,65389
2019-10-04,69517
2019-10-05,58463
2019-10-06,56929
2019-10-07,67701
2019-10-08,66068
2019-10-09,62364
2019-10-10,66814
2019-10-11,65826
2019-10-12,56963
2019-10-13,56189
2019-10-14,66445
2019-10-15,66840
2019-10-16,65339
2019-10-17,65896
2019-10-18,66319
2019-10-19,57570
2019-10-20,56578
2019-10-21,66898
2019-10-22,67468
2019-10-23,67006
2019-10-24,66741
2019-10-25,65970
2019-10-26,57066
2019-10-27,56033
2019-10-28,66673
2019-10-29,67119
2019-10-30,66526
2019-10-31,66888
2019-11-01,65117
2019-11-02,56973
2019-11-03,56036
2019-11-04,65979
2019-11-05,66471
2019-11-06,65837
2019-11-07,66635
2019-11-08,66895
2019-11-09,58848
2019-11-10,57626
2019-11-11,67084
2019-11-12,68342
2019-11-13,71244
2019-11-14,72026
2019-11-15,70876
2019-11-16,60421
2019-11-17,58646
2019-11-18,71848
2019-11-19,74393
2019-11-20,74148
2019-11-21,74041
2019-11-22,71571
2019-11-23,60030
2019-11-24,57696
2019-11-25,74250
2019-11-26,72776
2019-11-27,73684
2019-11-28,73693
2019-11-29,73720
2019-11-30,62203
2019-12-01,60978
2019-12-02,76453
2019-12-03,77950
2019-12-04,76624
2019-12-05,80251
2019-12-06,81787
2019-12-07,67875
2019-12-08,64092
2019-12-09,80600
2019-12-10,79201
2019-12-11,76860
2019-12-12,78241
2019-12-13,79110
2019-12-14,64861
2019-12-15,61405
2019-12-16,76425
2019-12-17,77487
2019-12-18,77666
2019-12-19,77689
2019-12-20,79158
2019-12-21,66564
2019-12-22,62827
2019-12-23,78779
2019-12-24,79456
2019-12-25,65610
2019-12-26,79431
2019-12-27,78548
2019-12-28,65014
2019-12-29,62540
2019-12-30,75158
2019-12-31,76223
2020-01-01,64007
2020-01-02,77180
2020-01-03,78269
2020-01-04,65628
2020-01-05,63231
2020-01-06,81890
2020-01-07,80147
2020-01-08,79002
2020-01-09,79160
2020-01-10,79247
2020-01-11,66148
2020-01-12,64008
2020-01-13,80242
2020-01-14,82329
2020-01-15,81195
2020-01-16,82352
2020-01-17,81303
2020-01-18,67399
2020-01-19,64497
2020-01-20,78922
2020-01-21,79627
2020-01-22,81438
2020-01-23,76229
2020-01-24,60789
2020-01-25,54692
2020-01-26,55281
2020-01-27,59961
2020-01-28,72476
2020-01-29,76016
2020-01-30,74457
2020-01-31,75262
2020-02-01,63369
2020-02-02,61882
2020-02-03,76775
2020-02-04,77877
2020-02-05,80770
2020-02-06,81493
2020-02-07,79761
2020-02-08,65470
2020-02-09,62873
2020-02-10,76445
2020-02-11,75830
2020-02-12,77688
2020-02-13,74042
2020-02-14,72476
2020-02-15,60935
2020-02-16,63497
2020-02-17,80648
2020-02-18,80338
2020-02-19,77972
2020-02-20,74510
2020-02-21,73398
2020-02-22,62123
2020-02-23,60988
2020-02-24,71041
2020-02-25,76417
2020-02-26,72005
2020-02-27,70327
2020-02-28,74398
2020-02-29,61341
2020-03-01,59052
2020-03-02,70171
2020-03-03,69937
2020-03-04,71207
2020-03-05,71279
2020-03-06,70461
2020-03-07,61624
2020-03-08,57799
2020-03-09,69348
2020-03-10,73329
2020-03-11,69189
2020-03-12,69187
2020-03-13,69141
2020-03-14,61420
2020-03-15,59745
2020-03-16,69166
2020-03-17,70633
2020-03-18,67700
2020-03-19,68829
2020-03-20,65269
2020-03-21,58825
2020-03-22,56264
2020-03-23,65294
2020-03-24,65456
2020-03-25,64440
2020-03-26,66984
2020-03-27,67487
2020-03-28,57706
2020-03-29,56117
2020-03-30,64310
2020-03-31,64045
2020-04-01,65397
2020-04-02,64793
2020-04-03,63334
2020-04-04,57117
2020-04-05,56568
2020-04-06,64714
2020-04-07,64082
2020-04-08,64227
2020-04-09,64862
2020-04-10,63376
2020-04-11,56756
2020-04-12,56211
2020-04-13,64411
2020-04-14,62808
2020-04-15,59614
2020-04-16,63018
2020-04-17,66699
2020-04-18,55711
2020-04-19,56027
2020-04-20,64906
2020-04-21,64403
2020-04-22,63868
2020-04-23,64118
2020-04-24,62099
2020-04-25,56341
2020-04-26,54785
2020-04-27,62669
2020-04-28,61242
2020-04-29,59574
2020-04-30,55855
2020-05-01,53435
2020-05-02,52776
2020-05-03,53877
2020-05-04,57080
2020-05-05,56310
2020-05-06,61479
2020-05-07,62127
2020-05-08,62506
2020-05-09,55520
2020-05-10,54608
2020-05-11,61467
2020-05-12,61820
2020-05-13,61203
2020-05-14,62498
2020-05-15,64508
2020-05-16,54733
2020-05-17,55310
2020-05-18,65700
2020-05-19,63817
2020-05-20,61065
2020-05-21,61329
2020-05-22,61067
2020-05-23,54830
2020-05-24,54457
2020-05-25,62174
2020-05-26,62836
2020-05-27,61192
2020-05-28,61697
2020-05-29,61765
2020-05-30,54866
2020-05-31,53975
2020-06-01,62505
2020-06-02,64274
2020-06-03,66004
2020-06-04,67908
2020-06-05,67093
2020-06-06,57796
2020-06-07,56738
2020-06-08,70986
2020-06-09,73065
2020-06-10,75247
2020-06-11,72458
2020-06-12,71925
2020-06-13,61765
2020-06-14,58071
2020-06-15,68945
2020-06-16,70355
2020-06-17,71113
2020-06-18,68208
2020-06-19,67881
2020-06-20,58749
2020-06-21,58769
2020-06-22,74046
2020-06-23,74580
2020-06-24,71085
2020-06-25,70436
2020-06-26,67237
2020-06-27,59168
2020-06-28,58627
2020-06-29,71580
2020-06-30,67390
2020-07-01,67510
2020-07-02,70435
2020-07-03,69956
2020-07-04,58241
2020-07-05,58879
2020-07-06,73331
2020-07-07,72265
2020-07-08,74371
2020-07-09,75675
2020-07-10,72503
2020-07-11,61501
2020-07-12,58411
2020-07-13,68771
2020-07-14,68457
2020-07-15,68952
2020-07-16,70509
2020-07-17,71418
2020-07-18,61204
2020-07-19,62377
2020-07-20,73800
2020-07-21,74450
2020-07-22,74111
2020-07-23,72543
2020-07-24,69401
2020-07-25,59890
2020-07-26,60578
2020-07-27,73006
2020-07-28,73747
2020-07-29,73525
2020-07-30,72981
2020-07-31,72400
2020-08-01,62900
2020-08-02,62345
2020-08-03,68035
2020-08-04,71617
2020-08-05,72543
2020-08-06,73160
2020-08-07,72986
2020-08-08,64649
2020-08-09,65302
2020-08-10,80229
2020-08-11,79148
2020-08-12,82122
2020-08-13,83777
2020-08-14,82639
2020-08-15,72195
2020-08-16,70452
2020-08-17,78553
2020-08-18,86324
2020-08-19,86698
2020-08-20,86967
2020-08-21,84425
2020-08-22,69559
2020-08-23,68538
2020-08-24,85076
2020-08-25,88574
2020-08-26,89091
2020-08-27,84961
2020-08-28,85677
2020-08-29,72836
2020-08-30,71466
2020-08-31,82673
2020-09-01,82036
2020-09-02,81356
2020-09-03,74636
2020-09-04,73772
2020-09-05,61835
2020-09-06,59566
2020-09-07,69547
2020-09-08,73153
2020-09-09,71515
2020-09-10,72738
2020-09-11,73473
2020-09-12,60966
2020-09-13,59480
2020-09-14,70702
2020-09-15,73146
2020-09-16,73144
2020-09-17,71725
2020-09-18,68259
2020-09-19,59888
2020-09-20,58261
2020-09-21,67626
2020-09-22,68157
2020-09-23,68298
2020-09-24,69151
2020-09-25,67826
2020-09-26,59397
2020-09-27,58397
2020-09-28,66036
2020-09-29,60187
2020-09-30,51986
2020-10-01,48946
2020-10-02,51651
2020-10-03,53653
2020-10-04,55638
2020-10-05,65238
2020-10-06,66935
2020-10-07,66722
2020-10-08,66261
2020-10-09,62608
2020-10-10,57877
2020-10-11,57139
2020-10-12,67195
2020-10-13,67755
2020-10-14,67364
2020-10-15,67771
2020-10-16,67349
2020-10-17,59231
2020-10-18,57306
2020-10-19,67545
2020-10-20,67824
2020-10-21,68454
2020-10-22,68374
2020-10-23,67147
2020-10-24,59213
2020-10-25,57288
2020-10-26,67680
2020-10-27,67660
2020-10-28,66752
2020-10-29,67410
2020-10-30,66037
2020-10-31,57719
2020-11-01,56822
2020-11-02,66720
2020-11-03,69570
2020-11-04,69231
2020-11-05,68907
2020-11-06,69596
2020-11-07,58540
2020-11-08,57536
2020-11-09,69999
2020-11-10,68952
2020-11-11,67954
2020-11-12,68011
2020-11-13,67692
2020-11-14,58858
2020-11-15,57555
2020-11-16,68154
2020-11-17,69082
2020-11-18,69555
2020-11-19,70905
2020-11-20,71916
2020-11-21,60121
2020-11-22,59194
2020-11-23,73234
2020-11-24,73988
2020-11-25,72888
2020-11-26,73798
2020-11-27,73588
2020-11-28,63912
2020-11-29,62162
2020-11-30,77074
2020-12-01,76210
2020-12-02,77722
2020-12-03,76904
2020-12-04,76916
2020-12-05,64555
2020-12-06,62314
2020-12-07,78832
2020-12-08,78234
2020-12-09,78544
2020-12-10,80497
2020-12-11,77669
2020-12-12,64485
2020-12-13,63683
2020-12-14,84182
2020-12-15,84708
2020-12-16,85132
2020-12-17,84185
2020-12-18,82899
2020-12-19,69628
2020-12-20,66560
2020-12-21,82906
2020-12-22,82109
2020-12-23,81349
2020-12-24,77124
2020-12-25,67327
2020-12-26,63604
2020-12-27,62840
2020-12-28,76803
2020-12-29,78915
2020-12-30,83916
2020-12-31,80632
2021-01-01,64942
2021-01-02,64982
2021-01-03,66473
2021-01-04,82840
2021-01-05,84497
2021-01-06,85568
2021-01-07,90195
2021-01-08,89858
2021-01-09,74232
2021-01-10,70738
2021-01-11,90564
2021-01-12,88089
2021-01-13,84235
2021-01-14,80757
2021-01-15,78869
2021-01-16,69347
2021-01-17,68310
2021-01-18,86673
2021-01-19,85348
2021-01-20,83468
2021-01-21,80435
2021-01-22,79367
2021-01-23,65370
2021-01-24,62201
2021-01-25,75047
2021-01-26,79190
2021-01-27,77213
2021-01-28,80655
2021-01-29,83971
2021-01-30,69215
2021-01-31,63574
2021-02-01,77878
2021-02-02,80457
2021-02-03,82594
2021-02-04,80804
2021-02-05,80698
2021-02-06,66340
2021-02-07,63698
2021-02-08,77950
2021-02-09,79114
2021-02-10,76269
2021-02-11,61009
2021-02-12,54836
2021-02-13,55686
2021-02-14,57687
2021-02-15,74829
2021-02-16,80711
2021-02-17,84749
2021-02-18,84067
2021-02-19,79299
2021-02-20,64603
2021-02-21,60140
2021-02-22,70422
2021-02-23,73896
2021-02-24,76281
2021-02-25,77701
2021-02-26,73253
2021-02-27,61810
2021-02-28,59511
2021-03-01,64904
2021-03-02,77208
2021-03-03,74748
2021-03-04,76597
2021-03-05,72682
2021-03-06,62607
2021-03-07,60702
2021-03-08,71789
2021-03-09,72893
2021-03-10,70943
2021-03-11,71172
2021-03-12,73861
2021-03-13,60715
2021-03-14,58921
2021-03-15,68220
2021-03-16,68547
2021-03-17,67684
2021-03-18,68081
2021-03-19,67369
2021-03-20,61460
2021-03-21,59578
2021-03-22,68873
2021-03-23,68079
2021-03-24,68196
2021-03-25,67429
2021-03-26,66019
2021-03-27,59268
2021-03-28,57877
2021-03-29,66819
2021-03-30,66325
2021-03-31,65755
2021-04-01,66192
2021-04-02,64600
2021-04-03,59025
2021-04-04,57780
2021-04-05,66231
2021-04-06,66622
2021-04-07,66289
2021-04-08,66706
2021-04-09,65500
2021-04-10,58226
2021-04-11,56651
2021-04-12,68966
2021-04-13,66770
2021-04-14,66263
2021-04-15,66365
2021-04-16,66009
2021-04-17,58589
2021-04-18,57397
2021-04-19,66072
2021-04-20,66393
2021-04-21,65940
2021-04-22,67265
2021-04-23,65461
2021-04-24,57782
2021-04-25,56810
2021-04-26,65456
2021-04-27,66283
2021-04-28,65551
2021-04-29,66022
2021-04-30,64304
2021-05-01,56758
2021-05-02,56721
2021-05-03,65471
2021-05-04,67838
2021-05-05,60540
2021-05-06,65436
2021-05-07,64780
2021-05-08,57311
2021-05-09,56138
2021-05-10,66682
2021-05-11,66134
2021-05-12,66063
2021-05-13,67558
2021-05-14,68888
2021-05-15,60555
2021-05-16,58503
2021-05-17,68368
2021-05-18,66240
2021-05-19,62006
2021-05-20,69140
2021-05-21,65806
2021-05-22,58452
2021-05-23,56815
2021-05-24,65847
2021-05-25,65408
2021-05-26,66876
2021-05-27,67738
2021-05-28,66069
2021-05-29,57782
2021-05-30,57041
2021-05-31,66049
2021-06-01,67332
2021-06-02,68419
2021-06-03,70113
2021-06-04,64864
2021-06-05,58611
2021-06-06,58683
2021-06-07,68543
2021-06-08,69828
2021-06-09,73387
2021-06-10,74929
2021-06-11,70071
2021-06-12,62209
2021-06-13,61518
2021-06-14,74220
2021-06-15,73311
2021-06-16,72494
2021-06-17,72670
2021-06-18,70527
2021-06-19,60923
2021-06-20,61200
2021-06-21,72382
2021-06-22,72518
2021-06-23,71726
2021-06-24,72813
2021-06-25,72763
2021-06-26,62042
2021-06-27,62109
2021-06-28,74821
2021-06-29,75854
2021-06-30,74824
2021-07-01,77476
2021-07-02,76865
2021-07-03,64612
2021-07-04,62368
2021-07-05,76256
2021-07-06,79663
2021-07-07,81086
2021-07-08,81187
2021-07-09,78397
2021-07-10,67726
2021-07-11,68518
2021-07-12,85011
2021-07-13,87172
2021-07-14,88087
2021-07-15,88551
2021-07-16,88015
2021-07-17,71849
2021-07-18,72054
2021-07-19,84586
2021-07-20,87841
2021-07-21,88937
2021-07-22,89958
2021-07-23,89812
2021-07-24,78285
2021-07-25,76521
2021-07-26,89426
2021-07-27,91141
2021-07-28,90240
2021-07-29,89634
2021-07-30,87847
2021-07-31,76776
2021-08-01,72943
2021-08-02,75460
2021-08-03,77517
2021-08-04,80073
2021-08-05,85215
2021-08-06,82367
2021-08-07,75210
2021-08-08,70201
2021-08-09,84755
2021-08-10,84877
2021-08-11,83818
2021-08-12,86355
2021-08-13,81779
2021-08-14,68470
2021-08-15,68076
2021-08-16,74559
2021-08-17,80393
2021-08-18,80362
2021-08-19,79472
2021-08-20,79554
2021-08-21,69215
2021-08-22,66387
2021-08-23,79334
2021-08-24,81241
2021-08-25,80262
2021-08-26,81471
2021-08-27,78339
2021-08-28,66357
2021-08-29,65588
2021-08-30,78996
2021-08-31,77665
2021-09-01,77228
2021-09-02,76036
2021-09-03,74073
2021-09-04,63885
2021-09-05,62545
2021-09-06,75426
2021-09-07,76075
2021-09-08,74423
2021-09-09,76594
2021-09-10,75304
2021-09-11,65783
2021-09-12,64512
2021-09-13,77820
2021-09-14,76081
2021-09-15,74944
2021-09-16,75436
2021-09-17,71837
2021-09-18,62245
2021-09-19,58954
2021-09-20,55779
2021-09-21,53652
2021-09-22,57177
2021-09-23,67149
2021-09-24,68879
2021-09-25,61851
2021-09-26,60737
2021-09-27,72396
2021-09-28,74094
2021-09-29,75683
2021-09-30,73226
2021-10-01,72146
2021-10-02,62298
2021-10-03,60876
2021-10-04,69932
2021-10-05,75698
2021-10-06,73845
2021-10-07,73754
2021-10-08,72717
2021-10-09,63659
2021-10-10,61162
2021-10-11,64647
2021-10-12,70121
2021-10-13,70657
2021-10-14,71458
2021-10-15,70778
2021-10-16,60050
2021-10-17,58640
2021-10-18,69348
2021-10-19,69823
2021-10-20,69414
2021-10-21,70203
2021-10-22,67900
2021-10-23,59042
2021-10-24,57699
2021-10-25,69114
2021-10-26,69601
2021-10-27,68937
2021-10-28,69488
2021-10-29,67683
2021-10-30,59770
2021-10-31,58161
2021-11-01,69259
2021-11-02,69554
2021-11-03,69599
2021-11-04,70149
2021-11-05,68742
2021-11-06,59456
2021-11-07,58370
2021-11-08,72602
2021-11-09,72800
2021-11-10,73477
2021-11-11,74708
2021-11-12,73855
2021-11-13,61840
2021-11-14,59863
2021-11-15,71603
2021-11-16,72310
2021-11-17,73028
2021-11-18,72485
2021-11-19,70926
2021-11-20,61390
2021-11-21,60516
2021-11-22,76847
2021-11-23,79838
2021-11-24,76210
2021-11-25,74510
2021-11-26,75223
2021-11-27,63937
2021-11-28,62027
2021-11-29,75340
2021-11-30,80362
2021-12-01,81177
2021-12-02,80145
2021-12-03,78696
2021-12-04,65770
2021-12-05,64032
2021-12-06,78083
2021-12-07,78079
2021-12-08,78310
2021-12-09,78182
2021-12-10,77936
2021-12-11,64834
2021-12-12,65441
2021-12-13,82173
2021-12-14,82571
2021-12-15,79839
2021-12-16,81399
2021-12-17,85699
2021-12-18,70883
2021-12-19,67544
2021-12-20,81750
2021-12-21,80294
2021-12-22,81451
2021-12-23,81874
2021-12-24,81185
2021-12-25,72815
2021-12-26,71719
2021-12-27,90708
2021-12-28,88717
2021-12-29,85966
2021-12-30,84564
2021-12-31,81748
2022-01-01,67369
2022-01-02,68173
2022-01-03,85196
2022-01-04,85161
2022-01-05,89397
2022-01-06,84761
2022-01-07,85425
2022-01-08,70793
2022-01-09,67889
2022-01-10,85301
2022-01-11,88103
2022-01-12,88305
2022-01-13,89115
2022-01-14,87278
2022-01-15,71585
2022-01-16,70090
2022-01-17,87967
2022-01-18,87579
2022-01-19,88076
2022-01-20,87884
2022-01-21,86522
2022-01-22,72105
2022-01-23,67726
2022-01-24,83085
2022-01-25,86241
2022-01-26,82984
2022-01-27,82938
2022-01-28,82283
2022-01-29,68009
2022-01-30,65026
2022-01-31,61339
2022-02-01,59840
2022-02-02,63795
2022-02-03,78841
2022-02-04,82614
2022-02-05,73089
2022-02-06,69718
2022-02-07,87351
2022-02-08,85352
2022-02-09,83819
2022-02-10,81626
2022-02-11,81928
2022-02-12,67542
2022-02-13,65396
2022-02-14,79225
2022-02-15,83893
2022-02-16,86687
2022-02-17,86434
2022-02-18,84164
2022-02-19,70632
2022-02-20,69627
2022-02-21,82900
2022-02-22,83248
2022-02-23,85489
2022-02-24,83453
2022-02-25,80824
2022-02-26,67374
2022-02-27,64965
2022-02-28,73959
2022-03-01,69920
2022-03-02,77502
2022-03-03,77182
2022-03-04,78189
2022-03-05,66375
2022-03-06,64675
2022-03-07,77345
2022-03-08,76762
2022-03-09,67781
2022-03-10,73841
2022-03-11,74509
2022-03-12,62114
2022-03-13,61436
2022-03-14,76789
2022-03-15,71988
2022-03-16,70966
2022-03-17,75585
2022-03-18,76980
2022-03-19,66838
2022-03-20,62882
2022-03-21,74381
2022-03-22,73197
2022-03-23,78233
2022-03-24,73156
2022-03-25,71135
2022-03-26,62291
2022-03-27,60623
2022-03-28,70765
2022-03-29,70311
2022-03-30,71112
2022-03-31,70618
2022-04-01,68838
2022-04-02,61732
2022-04-03,60331
2022-04-04,69891
2022-04-05,70446
2022-04-06,69222
2022-04-07,69860
2022-04-08,67293
2022-04-09,60137
2022-04-10,58490
2022-04-11,68821
2022-04-12,69958
2022-04-13,71879
2022-04-14,71334
2022-04-15,67132
2022-04-16,59944
2022-04-17,58749
2022-04-18,67906
2022-04-19,68498
2022-04-20,67702
2022-04-21,68547
2022-04-22,67015
2022-04-23,58909
2022-04-24,58501
2022-04-25,69646
2022-04-26,69997
2022-04-27,67404
2022-04-28,68086
2022-04-29,67684
2022-04-30,58925
2022-05-01,57624
2022-05-02,67357
2022-05-03,68221
2022-05-04,66896
2022-05-05,62398
2022-05-06,65275
2022-05-07,58240
2022-05-08,57573
2022-05-09,68295
2022-05-10,68449
2022-05-11,69284
2022-05-12,69519
2022-05-13,70215
2022-05-14,59523
2022-05-15,58322
2022-05-16,68158
2022-05-17,69598
2022-05-18,69000
2022-05-19,68981
2022-05-20,68019
2022-05-21,60962
2022-05-22,60230
2022-05-23,72122
2022-05-24,72576
2022-05-25,72539
2022-05-26,69479
2022-05-27,68961
2022-05-28,61733
2022-05-29,60948
2022-05-30,73134
2022-05-31,69888
2022-06-01,64790
2022-06-02,71717
2022-06-03,72128
2022-06-04,62408
2022-06-05,58600
2022-06-06,61814
2022-06-07,70522
2022-06-08,68480
2022-06-09,69993
2022-06-10,71317
2022-06-11,62034
2022-06-12,61303
2022-06-13,71248
2022-06-14,71477
2022-06-15,69275
2022-06-16,70925
2022-06-17,73461
2022-06-18,64277
2022-06-19,64404
2022-06-20,77816
2022-06-21,81164
2022-06-22,80941
2022-06-23,83449
2022-06-24,76118
2022-06-25,69554
2022-06-26,68906
2022-06-27,84739
2022-06-28,84057
2022-06-29,84492
2022-06-30,82731
2022-07-01,83309
2022-07-02,74974
2022-07-03,74464
2022-07-04,89337
2022-07-05,90855
2022-07-06,91938
2022-07-07,92990
2022-07-08,86475
2022-07-09,75216
2022-07-10,75168
2022-07-11,86943
2022-07-12,87250
2022-07-13,85034
2022-07-14,85530
2022-07-15,83272
2022-07-16,71327
2022-07-17,70356
2022-07-18,83578
2022-07-19,84631
2022-07-20,85756
2022-07-21,82156
2022-07-22,80509
2022-07-23,70266
2022-07-24,69817
2022-07-25,84338
2022-07-26,87347
2022-07-27,85507
2022-07-28,87405
2022-07-29,87601
2022-07-30,76651
2022-07-31,72224
2022-08-01,80055
2022-08-02,77981
2022-08-03,81174
2022-08-04,85866
2022-08-05,86550
2022-08-06,80391
2022-08-07,78998
2022-08-08,89263
2022-08-09,88479
2022-08-10,85666
2022-08-11,85488
2022-08-12,85622
2022-08-13,73971
2022-08-14,74228
2022-08-15,80123
2022-08-16,86440
2022-08-17,84518
2022-08-18,83585
2022-08-19,86684
2022-08-20,76241
2022-08-21,73895
2022-08-22,86842
2022-08-23,86792
2022-08-24,79100
2022-08-25,79448
2022-08-26,77935
2022-08-27,64721
2022-08-28,64155
2022-08-29,75328
2022-08-30,77097
2022-08-31,74990
2022-09-01,78089
2022-09-02,77142
2022-09-03,67164
2022-09-04,67901
2022-09-05,79872
2022-09-06,73602
2022-09-07,73807
2022-09-08,67681
2022-09-09,57303
2022-09-10,53936
2022-09-11,57250
2022-09-12,61790
2022-09-13,75687
2022-09-14,76406
2022-09-15,79407
2022-09-16,82122
2022-09-17,71108
2022-09-18,70720
2022-09-19,78589
2022-09-20,73548
2022-09-21,72071
2022-09-22,72184
2022-09-23,70071
2022-09-24,61033
2022-09-25,59920
2022-09-26,71400
2022-09-27,72742
2022-09-28,72806
2022-09-29,73018
2022-09-30,71844
2022-10-01,61848
2022-10-02,59834
2022-10-03,66998
2022-10-04,72544
2022-10-05,70074
2022-10-06,70544
2022-10-07,68983
2022-10-08,59871
2022-10-09,58315
2022-10-10,62700
2022-10-11,70344
2022-10-12,69872
2022-10-13,70316
2022-10-14,69004
2022-10-15,60625
2022-10-16,59248
2022-10-17,70021
2022-10-18,70701
2022-10-19,70250
2022-10-20,70976
2022-10-21,69240
2022-10-22,60433
2022-10-23,58500
2022-10-24,70139
2022-10-25,70495
2022-10-26,70052
2022-10-27,70573
2022-10-28,68956
2022-10-29,59900
2022-10-30,58605
2022-10-31,69769
2022-11-01,69729
2022-11-02,69282
2022-11-03,71242
2022-11-04,70733
2022-11-05,61328
2022-11-06,59724
2022-11-07,71020
2022-11-08,69806
2022-11-09,69966
2022-11-10,69764
2022-11-11,69415
2022-11-12,60675
2022-11-13,60054
2022-11-14,71165
2022-11-15,72431
2022-11-16,71687
2022-11-17,71642
2022-11-18,70458
2022-11-19,60856
2022-11-20,60057
2022-11-21,71811
2022-11-22,74117
2022-11-23,71774
2022-11-24,72420
2022-11-25,70886
2022-11-26,61907
2022-11-27,61147
2022-11-28,74855
2022-11-29,75720
2022-11-30,82117
2022-12-01,83052
2022-12-02,80829
2022-12-03,67989
2022-12-04,67707
2022-12-05,83990
2022-12-06,84058
2022-12-07,82135
2022-12-08,81462
2022-12-09,82223
2022-12-10,67446
2022-12-11,65907
2022-12-12,83311
2022-12-13,85195
2022-12-14,90128
2022-12-15,88874
2022-12-16,89583
2022-12-17,74303
2022-12-18,73852
2022-12-19,91710
2022-12-20,90571
2022-12-21,92698
2022-12-22,92999
2022-12-23,94509
2022-12-24,75010
2022-12-25,71213
2022-12-26,89935
2022-12-27,89282
2022-12-28,88939
2022-12-29,86768
2022-12-30,83307
2022-12-31,68466
2023-01-01,66465
2023-01-02,85269
2023-01-03,87110
2023-01-04,87191
2023-01-05,89012
2023-01-06,86606
2023-01-07,70729
2023-01-08,68090
2023-01-09,84683
2023-01-10,83973
2023-01-11,83078
2023-01-12,82287
2023-01-13,81907
2023-01-14,69388
2023-01-15,69166
2023-01-16,84582
2023-01-17,86815
2023-01-18,85627
2023-01-19,84465
2023-01-20,81244
2023-01-21,68910
2023-01-22,60143
2023-01-23,62575
2023-01-24,72643
2023-01-25,87275
2023-01-26,92613
2023-01-27,89833
2023-01-28,74081
2023-01-29,69956
2023-01-30,83568
2023-01-31,84058
2023-02-01,81652
2023-02-02,83228
2023-02-03,84290
2023-02-04,70005
2023-02-05,67195
2023-02-06,81935
2023-02-07,81585
2023-02-08,81028
2023-02-09,80850
2023-02-10,81340
2023-02-11,67796
2023-02-12,65888
2023-02-13,81235
2023-02-14,79024
2023-02-15,80643
2023-02-16,81126
2023-02-17,79701
2023-02-18,68387
2023-02-19,65618
2023-02-20,78791
2023-02-21,79297
2023-02-22,78537
2023-02-23,76790
2023-02-24,76151
2023-02-25,66816
2023-02-26,64923
2023-02-27,74630
2023-02-28,74655
2023-03-01,69174
2023-03-02,76510
2023-03-03,75363
2023-03-04,64218
2023-03-05,62329
2023-03-06,72424
2023-03-07,72608
2023-03-08,70657
2023-03-09,72032
2023-03-10,68901
2023-03-11,60181
2023-03-12,62216
2023-03-13,72805
2023-03-14,70755
2023-03-15,70533
2023-03-16,72068
2023-03-17,71612
2023-03-18,61605
2023-03-19,60568
2023-03-20,69333
2023-03-21,68985
2023-03-22,68792
2023-03-23,71388
2023-03-24,68133
2023-03-25,60553
2023-03-26,59275
2023-03-27,69047
2023-03-28,69012
2023-03-29,68140
2023-03-30,67833
2023-03-31,65629
2023-04-01,59002
2023-04-02,58205
2023-04-03,67649
2023-04-04,68535
2023-04-05,72292
2023-04-06,70688
2023-04-07,66780
2023-04-08,59967
2023-04-09,58648
2023-04-10,67150
2023-04-11,69385
2023-04-12,67710
2023-04-13,67686
2023-04-14,67403
2023-04-15,59880
2023-04-16,58530
2023-04-17,67016
2023-04-18,71402
2023-04-19,67904
2023-04-20,69019
2023-04-21,65953
2023-04-22,58620
2023-04-23,57975
2023-04-24,66664
2023-04-25,69358
2023-04-26,66959
2023-04-27,66708
2023-04-28,65812
2023-04-29,59105
2023-04-30,56344
2023-05-01,58849
2023-05-02,66341
2023-05-03,66914
2023-05-04,66972
2023-05-05,61504
2023-05-06,57640
2023-05-07,57038
2023-05-08,65456
2023-05-09,66833
2023-05-10,66339
2023-05-11,67295
2023-05-12,65469
2023-05-13,59028
2023-05-14,58026
2023-05-15,67563
2023-05-16,69942
2023-05-17,69974
2023-05-18,70912
2023-05-19,67914
2023-05-20,60092
2023-05-21,58588
2023-05-22,67579
2023-05-23,67974
2023-05-24,67877
2023-05-25,68519
2023-05-26,68018
2023-05-27,60765
2023-05-28,59003
2023-05-29,65013
2023-05-30,72772
2023-05-31,69289
2023-06-01,71202
2023-06-02,68262
2023-06-03,59502
2023-06-04,59372
2023-06-05,65659
2023-06-06,63781
2023-06-07,69540
2023-06-08,70755
2023-06-09,69747
2023-06-10,61953
2023-06-11,62339
2023-06-12,71512
2023-06-13,72258
2023-06-14,71475
2023-06-15,72139
2023-06-16,72163
2023-06-17,63664
2023-06-18,64094
2023-06-19,79351
2023-06-20,76566
2023-06-21,75890
2023-06-22,73402
2023-06-23,73677
2023-06-24,66496
2023-06-25,66484
2023-06-26,79558
2023-06-27,77801
2023-06-28,79205
2023-06-29,82196
2023-06-30,79294
2023-07-01,69581
2023-07-02,69809
2023-07-03,84023
2023-07-04,83089
2023-07-05,77283
2023-07-06,82268
2023-07-07,82068
2023-07-08,69633
2023-07-09,68423
2023-07-10,82203
2023-07-11,83533
2023-07-12,82046
2023-07-13,84575
2023-07-14,84380
2023-07-15,70903
2023-07-16,68041
2023-07-17,82555
2023-07-18,82615
2023-07-19,80874
2023-07-20,83731
2023-07-21,84221
2023-07-22,72220
2023-07-23,70370
2023-07-24,83062
2023-07-25,83943
2023-07-26,86054
2023-07-27,87033
2023-07-28,85321
2023-07-29,76405
2023-07-30,74605
2023-07-31,80734
2023-08-01,82962
2023-08-02,82699
2023-08-03,85990
2023-08-04,86089
2023-08-05,80221
2023-08-06,79971
2023-08-07,93615
2023-08-08,93299
2023-08-09,89935
2023-08-10,81651
2023-08-11,80549
2023-08-12,69688
2023-08-13,72148
2023-08-14,82760
2023-08-15,80630
2023-08-16,86140
2023-08-17,86794
2023-08-18,88570
2023-08-19,77513
2023-08-20,76867
2023-08-21,91334
2023-08-22,90322
2023-08-23,87971
2023-08-24,86561
2023-08-25,82632
2023-08-26,71966
2023-08-27,71334
2023-08-28,81578
2023-08-29,83947
2023-08-30,81190
2023-08-31,77880
2023-09-01,76397
2023-09-02,68954
2023-09-03,70303
2023-09-04,85567
2023-09-05,85682
2023-09-06,84181
2023-09-07,81665
2023-09-08,78754
2023-09-09,69152
2023-09-10,68207
2023-09-11,81913
2023-09-12,82478
2023-09-13,81364
2023-09-14,80149
2023-09-15,78139
2023-09-16,69043
2023-09-17,67762
2023-09-18,79866
2023-09-19,79704
2023-09-20,79940
2023-09-21,74465
2023-09-22,71935
2023-09-23,63395
2023-09-24,61853
2023-09-25,74249
2023-09-26,74562
2023-09-27,71537
2023-09-28,56740
2023-09-29,52425
2023-09-30,54122
2023-10-01,54323
2023-10-02,57484
2023-10-03,61368
2023-10-04,70315
2023-10-05,68749
2023-10-06,68442
2023-10-07,60894
2023-10-08,58651
2023-10-09,63732
2023-10-10,70604
2023-10-11,70443
2023-10-12,70840
2023-10-13,69448
2023-10-14,60838
2023-10-15,59651
2023-10-16,69274
2023-10-17,69960
2023-10-18,69700
2023-10-19,70985
2023-10-20,67722
2023-10-21,59888
2023-10-22,58718
2023-10-23,69638
2023-10-24,70197
2023-10-25,69653
2023-10-26,70646
2023-10-27,68296
2023-10-28,59753
2023-10-29,58684
2023-10-30,69602
2023-10-31,69878
2023-11-01,69845
2023-11-02,70489
2023-11-03,69323
2023-11-04,61037
2023-11-05,60309
2023-11-06,69757
2023-11-07,70456
2023-11-08,68456
2023-11-09,69833
2023-11-10,70206
2023-11-11,63124
2023-11-12,63156
2023-11-13,75186
2023-11-14,74305
2023-11-15,73401
2023-11-16,78815
2023-11-17,76618
2023-11-18,66148
2023-11-19,62598
2023-11-20,75162
2023-11-21,74025
2023-11-22,73266
2023-11-23,72557
2023-11-24,76598
2023-11-25,66540
2023-11-26,63720
2023-11-27,79861
2023-11-28,78894
2023-11-29,81146
2023-11-30,82716
2023-12-01,81228
2023-12-02,66924
2023-12-03,65368
2023-12-04,79599
2023-12-05,78441
2023-12-06,79102
2023-12-07,77237
2023-12-08,75245
2023-12-09,62483
2023-12-10,61067
2023-12-11,76893
2023-12-12,76995
2023-12-13,75581
2023-12-14,77896
2023-12-15,78513
2023-12-16,70383
2023-12-17,70703
2023-12-18,88869
2023-12-19,88580
2023-12-20,89230
2023-12-21,91556
2023-12-22,91391
2023-12-23,73369
2023-12-24,68643
2023-12-25,71050
2023-12-26,84106
2023-12-27,82383
2023-12-28,81745
2023-12-29,78244
2023-12-30,66025
2023-12-31,63589
2024-01-01,63132
2024-01-02,80460
2024-01-03,83422
2024-01-04,81728
2024-01-05,80632
2024-01-06,67965
2024-01-07,69798
2024-01-08,84150
2024-01-09,88214
2024-01-10,85081
2024-01-11,84185
2024-01-12,80506
2024-01-13,68211
2024-01-14,66854
2024-01-15,81436
2024-01-16,83487
2024-01-17,86162
2024-01-18,82978
2024-01-19,81003
2024-01-20,69500
2024-01-21,66867
2024-01-22,86746
2024-01-23,89231
2024-01-24,88055
2024-01-25,86788
2024-01-26,84354
2024-01-27,69125
2024-01-28,67741
2024-01-29,82039
2024-01-30,82692
2024-01-31,80671
2024-02-01,81677
2024-02-02,79921
2024-02-03,66832
2024-02-04,64807
2024-02-05,82573
2024-02-06,83641
2024-02-07,79115
2024-02-08,77521
2024-02-09,62755
2024-02-10,57179
2024-02-11,58509
2024-02-12,61340
2024-02-13,71718
2024-02-14,75951
2024-02-15,78957
2024-02-16,75965
2024-02-17,64340
2024-02-18,63128
2024-02-19,76849
2024-02-20,79989
2024-02-21,81790
2024-02-22,84093
2024-02-23,81368
2024-02-24,66189
2024-02-25,63998
2024-02-26,74935
2024-02-27,75933
2024-02-28,74394
2024-02-29,79171
2024-03-01,70870
2024-03-02,66510
2024-03-03,64502
2024-03-04,76456
2024-03-05,81691
2024-03-06,75397
2024-03-07,77363
2024-03-08,74464
2024-03-09,65322
2024-03-10,63464
2024-03-11,74908
2024-03-12,78213
2024-03-13,73868
2024-03-14,73172
2024-03-15,70500
2024-03-16,62121
2024-03-17,61659
2024-03-18,71342
2024-03-19,73424
2024-03-20,72438
2024-03-21,72439
2024-03-22,70498
2024-03-23,60972
2024-03-24,59839
2024-03-25,72997
2024-03-26,74182
2024-03-27,69829
2024-03-28,75842
2024-03-29,69967
2024-03-30,60199
2024-03-31,58369
2024-04-01,67349
2024-04-02,67742
2024-04-03,71199
2024-04-04,68151
2024-04-05,65933
2024-04-06,58937
2024-04-07,57502
2024-04-08,67383
2024-04-09,66950
2024-04-10,62161
2024-04-11,66663
2024-04-12,64816
2024-04-13,58314
2024-04-14,58115
2024-04-15,68634
2024-04-16,67321
2024-04-17,66182
2024-04-18,66740
2024-04-19,65136
2024-04-20,59338
2024-04-21,58279
2024-04-22,66727
2024-04-23,66991
2024-04-24,66215
2024-04-25,66552
2024-04-26,65026
2024-04-27,57999
2024-04-28,58003
2024-04-29,67228
2024-04-30,66065
2024-05-01,60711
2024-05-02,66858
2024-05-03,65403
2024-05-04,57871
2024-05-05,57151
2024-05-06,60134
2024-05-07,67765
2024-05-08,65047
2024-05-09,66481
2024-05-10,65342
2024-05-11,60042
2024-05-12,57019
2024-05-13,66062
2024-05-14,66155
2024-05-15,61854
2024-05-16,65411
2024-05-17,64407
2024-05-18,58755
2024-05-19,58903
2024-05-20,68764
2024-05-21,69074
2024-05-22,68837
2024-05-23,69899
2024-05-24,67481
2024-05-25,59700
2024-05-26,59436
2024-05-27,67126
2024-05-28,68694
2024-05-29,68823
2024-05-30,69571
2024-05-31,66428
2024-06-01,59085
2024-06-02,58661
2024-06-03,68493
2024-06-04,69279
2024-06-05,69421
2024-06-06,65329
2024-06-07,67558
2024-06-08,60509
2024-06-09,60934
2024-06-10,72134
2024-06-11,74244
2024-06-12,74251
2024-06-13,76144
2024-06-14,75619
2024-06-15,66114
2024-06-16,63577
2024-06-17,73958
2024-06-18,76826
2024-06-19,80077
2024-06-20,79731
2024-06-21,77749
2024-06-22,68355
2024-06-23,66868
2024-06-24,76628
2024-06-25,73022
2024-06-26,74719
2024-06-27,76144
2024-06-28,74741
2024-06-29,68360
2024-06-30,65856
2024-07-01,78373
2024-07-02,79801
2024-07-03,77555
2024-07-04,81970
2024-07-05,77102
2024-07-06,72015
2024-07-07,70129
2024-07-08,83021
2024-07-09,82246
2024-07-10,80964
2024-07-11,79983
2024-07-12,78463
2024-07-13,71353
2024-07-14,69336
2024-07-15,82759
2024-07-16,83678
2024-07-17,84204
2024-07-18,84567
2024-07-19,82174
2024-07-20,74657
2024-07-21,74740
2024-07-22,86921
2024-07-23,87645
2024-07-24,87552
2024-07-25,90254
2024-07-26,88660
2024-07-27,77483
2024-07-28,76431
2024-07-29,82616
2024-07-30,84530
2024-07-31,84794
2024-08-01,85215
2024-08-02,85301
2024-08-03,80942
2024-08-04,81926
2024-08-05,93841
2024-08-06,91799
2024-08-07,92326
2024-08-08,90615
2024-08-09,89962
2024-08-10,81106
2024-08-11,81183
2024-08-12,94489
2024-08-13,94639
2024-08-14,93508
2024-08-15,85140
2024-08-16,90358
2024-08-17,80794
2024-08-18,80336
2024-08-19,95611
2024-08-20,97115
2024-08-21,92623
2024-08-22,93224
2024-08-23,90221
2024-08-24,80368
2024-08-25,78726
2024-08-26,92012
2024-08-27,87744
2024-08-28,87061
2024-08-29,89132
2024-08-30,88156
2024-08-31,76281
2024-09-01,73547
2024-09-02,84912
2024-09-03,84302
2024-09-04,85207
2024-09-05,87371
2024-09-06,84423
2024-09-07,74180
2024-09-08,74309
2024-09-09,90240
2024-09-10,93085
2024-09-11,93246
2024-09-12,89018
2024-09-13,85664
2024-09-14,76464
2024-09-15,72823
2024-09-16,68399
2024-09-17,68290
2024-09-18,74274
2024-09-19,88237
2024-09-20,87933
2024-09-21,67880
2024-09-22,63076
2024-09-23,72500
2024-09-24,73547
2024-09-25,75063
2024-09-26,76973
2024-09-27,74594
2024-09-28,64871
2024-09-29,63092
2024-09-30,74029
2024-10-01,66345
2024-10-02,67385
2024-10-03,64581
2024-10-04,66048
2024-10-05,60131
2024-10-06,60269
2024-10-07,70285
2024-10-08,70133
2024-10-09,65676
2024-10-10,71339
2024-10-11,68580
2024-10-12,60197
2024-10-13,59682
2024-10-14,71337
2024-10-15,72272
2024-10-16,70903
2024-10-17,71412
2024-10-18,71869
2024-10-19,61197
2024-10-20,59093
2024-10-21,70223
2024-10-22,72124
2024-10-23,69492
2024-10-24,69778
2024-10-25,68375
2024-10-26,59839
2024-10-27,59386
2024-10-28,69316
2024-10-29,69236
2024-10-30,68664
2024-10-31,68949
2024-11-01,68839
2024-11-02,59538
2024-11-03,59190
2024-11-04,68524
2024-11-05,68166
2024-11-06,68529
2024-11-07,69485
2024-11-08,67692
2024-11-09,59156
2024-11-10,59260
2024-11-11,67759
2024-11-12,67979
2024-11-13,67459
2024-11-14,69516
2024-11-15,67652
2024-11-16,60205
2024-11-17,60350
2024-11-18,72217
2024-11-19,72232
2024-11-20,72295
2024-11-21,71709
2024-11-22,70524
2024-11-23,62101
2024-11-24,61350
2024-11-25,71647
2024-11-26,74829
2024-11-27,79064
2024-11-28,77085
2024-11-29,76785
2024-11-30,63782
2024-12-01,62792
2024-12-02,74384
2024-12-03,77669
2024-12-04,76065
2024-12-05,76375
2024-12-06,75454
2024-12-07,65961
2024-12-08,65834
2024-12-09,79009
2024-12-10,78819
2024-12-11,79778
2024-12-12,79296
2024-12-13,81020
2024-12-14,68123
2024-12-15,66671
2024-12-16,81607
2024-12-17,81060
2024-12-18,82457
2024-12-19,83314
2024-12-20,82424
2024-12-21,69530
2024-12-22,68638
2024-12-23,82905
2024-12-24,82612
2024-12-25,69280
2024-12-26,80251
2024-12-27,81190
2024-12-28,68926
2024-12-29,66449
2024-12-30,79015
2024-12-31,74743
2025-01-01,64403
2025-01-02,77832
2025-01-03,80523
2025-01-04,68094
2025-01-05,67984
2025-01-06,83402
2025-01-07,84067
2025-01-08,85705
2025-01-09,90705
2025-01-10,89452
2025-01-11,72458
2025-01-12,70172
2025-01-13,85286
2025-01-14,83831
2025-01-15,83464
2025-01-16,85908
2025-01-17,82514
2025-01-18,68811
2025-01-19,66566
2025-01-20,82082
2025-01-21,81666
2025-01-22,80777
2025-01-23,80756
2025-01-24,79724
2025-01-25,65421
2025-01-26,64019
2025-01-27,64099
2025-01-28,61947
2025-01-29,59700
2025-01-30,63215
2025-01-31,71507
2025-02-01,66483
2025-02-02,65573
2025-02-03,82182
2025-02-04,86322
2025-02-05,86996
2025-02-06,86315
2025-02-07,90638
2025-02-08,73299
2025-02-09,70270
2025-02-10,84699
2025-02-11,83362
2025-02-12,89324
2025-02-13,81305
2025-02-14,78786
2025-02-15,66243
2025-02-16,64423
2025-02-17,78114
2025-02-18,79075
2025-02-19,79643
2025-02-20,79895
2025-02-21,80061
2025-02-22,67988
2025-02-23,68283
2025-02-24,78296
2025-02-25,77625
2025-02-26,75917
2025-02-27,75932
2025-02-28,73438
2025-03-01,63248
2025-03-02,61922
2025-03-03,67656
2025-03-04,85127
2025-03-05,80532
2025-03-06,75167
2025-03-07,74255
2025-03-08,63786
2025-03-09,62382
2025-03-10,72266
2025-03-11,71531
2025-03-12,71900
2025-03-13,71956
2025-03-14,68297
2025-03-15,61990
2025-03-16,64455
2025-03-17,74273
2025-03-18,79892
2025-03-19,74254
2025-03-20,71832
2025-03-21,68159
2025-03-22,60131
2025-03-23,59671
2025-03-24,68066
2025-03-25,68612
2025-03-26,67221
2025-03-27,69183
2025-03-28,67840
2025-03-29,62150
2025-03-30,61624
2025-03-31,69168
2025-04-01,69182
2025-04-02,69045
2025-04-03,68704
2025-04-04,66311
2025-04-05,60778
2025-04-06,58920
2025-04-07,67482
2025-04-08,67166
2025-04-09,67503
2025-04-10,67051
2025-04-11,64924
2025-04-12,58924
2025-04-13,59804
2025-04-14,71667
2025-04-15,68752
2025-04-16,67535
2025-04-17,67939
2025-04-18,66383
2025-04-19,60286
2025-04-20,58683
2025-04-21,67710
2025-04-22,69713
2025-04-23,67083
2025-04-24,66740
2025-04-25,64865
2025-04-26,57963
2025-04-27,57477
2025-04-28,66068
2025-04-29,66232
2025-04-30,65333
2025-05-01,61111
2025-05-02,61909
2025-05-03,57168
2025-05-04,55754
2025-05-05,57374
2025-05-06,59717
2025-05-07,65492
2025-05-08,66515
2025-05-09,69578
2025-05-10,59775
2025-05-11,58905
2025-05-12,67736
2025-05-13,68714
2025-05-14,68653
2025-05-15,69998
2025-05-16,72857
2025-05-17,61203
2025-05-18,58594
2025-05-19,68353
2025-05-20,72893
2025-05-21,74239
2025-05-22,71622
2025-05-23,67177
2025-05-24,58828
2025-05-25,58337
2025-05-26,68026
2025-05-27,69448
2025-05-28,68575
2025-05-29,69244
2025-05-30,67178
2025-05-31,59788
2025-06-01,60283
2025-06-02,69209
2025-06-03,62134
2025-06-04,68127
2025-06-05,68191
2025-06-06,63003
2025-06-07,61690
2025-06-08,63953
2025-06-09,74569
2025-06-10,73235
2025-06-11,70733
2025-06-12,73440
2025-06-13,73842
2025-06-14,66062
2025-06-15,68191
2025-06-16,79094
2025-06-17,76928
2025-06-18,76769
2025-06-19,80132
2025-06-20,81637
2025-06-21,67111
2025-06-22,63748
2025-06-23,77000
2025-06-24,77050
2025-06-25,73192
2025-06-26,74223
2025-06-27,76223
2025-06-28,71638
2025-06-29,72284
2025-06-30,85599
2025-07-01,89209
2025-07-02,89069
2025-07-03,89103
2025-07-04,84920
2025-07-05,77901
2025-07-06,78705
2025-07-07,93374
2025-07-08,95675
2025-07-09,92685
2025-07-10,90717
2025-07-11,87206
2025-07-12,77144
2025-07-13,71975
2025-07-14,80116
2025-07-15,78825
2025-07-16,82918
2025-07-17,82505
2025-07-18,81588
2025-07-19,70401
2025-07-20,73579
2025-07-21,86584
2025-07-22,88890
2025-07-23,89515
2025-07-24,91379
2025-07-25,90528
2025-07-26,82821
2025-07-27,82696
2025-07-28,90985
2025-07-29,90991
2025-07-30,87806
2025-07-31,86203
2025-08-01,85678
2025-08-02,80532
2025-08-03,76329
2025-08-04,86074
2025-08-05,87891
2025-08-06,87801
2025-08-07,87053
2025-08-08,84820
2025-08-09,72350
2025-08-10,73104
2025-08-11,85071
2025-08-12,85223
2025-08-13,85279
2025-08-14,84685
2025-08-15,80573
2025-08-16,78156
2025-08-17,78493
2025-08-18,91911
2025-08-19,93346
2025-08-20,93164
2025-08-21,94599
2025-08-22,93253
2025-08-23,83469
2025-08-24,83069
2025-08-25,95951
2025-08-26,91434
2025-08-27,88503
2025-08-28,91396
2025-08-29,91742
2025-08-30,81144
2025-08-31,78152
2025-09-01,89532
2025-09-02,87098
2025-09-03,88533
2025-09-04,88135
2025-09-05,88196
2025-09-06,77341
2025-09-07,73125
2025-09-08,83765
2025-09-09,80100
2025-09-10,80012
2025-09-11,81243
2025-09-12,80265
2025-09-13,70110
2025-09-14,69712
2025-09-15,82311
2025-09-16,84004
2025-09-17,84378
2025-09-18,77178
2025-09-19,75214
2025-09-20,65418
2025-09-21,64083
2025-09-22,73830
2025-09-23,74796
2025-09-24,79128
2025-09-25,77812
2025-09-26,74644
2025-09-27,66185
2025-09-28,64199
2025-09-29,73653
2025-09-30,73444
2025-10-01,73111
2025-10-02,70696
2025-10-03,63924
2025-10-04,60603
2025-10-05,56927
2025-10-06,53033
2025-10-07,56492
2025-10-08,59071
2025-10-09,61180
2025-10-10,66232
2025-10-11,64027
2025-10-12,62650
2025-10-13,73176
2025-10-14,72660
2025-10-15,73212
2025-10-16,72937
2025-10-17,71620
2025-10-18,61543
2025-10-19,60162
2025-10-20,69493
2025-10-21,70431
2025-10-22,69634
2025-10-23,69621
2025-10-24,68362
2025-10-25,60537
2025-10-26,60017
2025-10-27,70932
2025-10-28,71448
2025-10-29,70693
2025-10-30,71052
2025-10-31,68971
2025-11-01,60385
2025-11-02,60384
2025-11-03,71072
2025-11-04,70465
2025-11-05,69436
2025-11-06,70055
2025-11-07,67814
2025-11-08,59993
2025-11-09,59258
2025-11-10,70285
2025-11-11,70873
2025-11-12,70050
2025-11-13,69937
2025-11-14,68713
2025-11-15,60524
2025-11-16,60424
2025-11-17,74529
2025-11-18,76163
2025-11-19,75238
2025-11-20,73692
2025-11-21,72132
2025-11-22,62085
2025-11-23,61211
2025-11-24,71960
2025-11-25,75196
2025-11-26,73232
2025-11-27,75945
2025-11-28,73549
2025-11-29,62479
2025-11-30,60401
2025-12-01,74406
2025-12-02,78345
2025-12-03,82657
2025-12-04,82146
2025-12-05,80983
2025-12-06,66892
2025-12-07,63867
2025-12-08,78886
2025-12-09,79694
2025-12-10,78779
2025-12-11,78517
2025-12-12,78812
2025-12-13,67247
2025-12-14,66818
2025-12-15,81217
2025-12-16,82243
2025-12-17,77799
2025-12-18,79780
2025-12-19,81098
2025-12-20,64243
2025-12-21,66522
2025-12-22,81177
2025-12-23,82812
2025-12-24,82180
2025-12-25,72089
2025-12-26,82377
2025-12-27,69190
2025-12-28,65599
2025-12-29,79283
2025-12-30,79693
2025-12-31,79488
