tm,actual,arimax_oneshot,ci_low,ci_high,sarima_oneshot,naive,snaive,arimax_rolling
2025-01-01,64403,68077.439074167,64213.17216333742,71941.70598499659,72566.95540727899,74743,69280,68077.439074167
2025-01-02,77832,76608.11755762309,71858.10161967755,81358.13349556863,76550.98027625965,64403,80251,73981.54831186013
2025-01-03,80523,77383.40014137224,72221.78831367863,82545.01196906586,76693.94630386369,77832,81190,78215.20860191435
2025-01-04,68094,66091.3099863128,60722.50883577729,71460.11113684831,66691.9699858827,80523,68926,68349.0183678768
2025-01-05,67984,66011.32488214651,60534.89660317919,71487.75316111383,65676.09243887526,68094,66449,67479.77249420715
2025-01-06,83402,79056.0994985915,73522.92427050023,84589.27472668278,77414.64848691133,67984,79015,80490.30980403927
2025-01-07,84067,78599.97417999689,73036.64373708167,84163.30462291211,76888.79873251685,83402,74743,81730.15627791517
2025-01-08,85705,78038.29094504172,72272.97300049227,83803.60888959117,75658.87510747854,84067,64403,80962.11426821473
2025-01-09,90705,81666.18888461153,75798.95234975466,87533.4254194684,77746.93547022656,85705,77832,88297.12378187502
2025-01-10,89452,81310.1784264619,75389.08539502208,87231.27145790173,77185.58419401529,90705,80523,88513.38253863236
2025-01-11,72458,69710.46806394344,63760.71171355936,75660.22441432752,67116.48764250605,89452,68094,75567.02817072542
2025-01-12,70172,68269.33974187255,62304.26115443904,74234.41832930606,66060.30095048793,72458,67984,70474.1562260695
2025-01-13,85286,80921.63464277235,74948.33886225325,86894.93042329144,77530.37646824415,70172,83402,83138.11774837087
2025-01-14,83831,78747.01907932192,72769.3034207571,84724.73473788674,77422.96536490633,85286,84067,82550.36846800249
2025-01-15,83464,78495.82961367574,72419.12626511959,84572.5329622319,76260.78955757868,83831,85705,82642.40287068153
2025-01-16,85908,80170.87490816078,74043.74675543785,86298.00306088371,78047.19767943707,83464,90705,85383.87909947085
2025-01-17,82514,78967.02030612051,72813.02067474846,85121.01993749256,77363.11614060329,85908,89452,83945.96418520878
2025-01-18,68811,67236.36527606643,61067.98409835536,73404.7464537775,67268.45900357133,82514,72458,68905.69949588283
2025-01-19,66566,65804.57307315824,59628.46892583483,71980.67722048165,66196.31304595934,68811,70172,67011.37541560856
2025-01-20,82082,78875.03427002,72694.76924602437,85055.29929401563,77622.71224070304,66566,85286,80743.06315270116
2025-01-21,81666,78377.99788222983,72195.48275421384,84560.51301024582,77568.80430406878,82082,83831,81602.50858459916
2025-01-22,80777,76500.58180789405,70231.77445827534,82769.38915751276,76413.27705021096,81666,83464,79388.46492628245
2025-01-23,80756,77816.6311421874,71503.82826626531,84129.43401810949,78156.34295943212,80777,85908,82549.7457039067
2025-01-24,79724,77073.55731135962,70737.26773177246,83409.84689094678,77454.22942136008,80756,82514,79595.54557420571
2025-01-25,65421,65494.73812246516,59145.858531433485,71843.61771349683,67355.34497052884,79724,68811,66598.70234945502
2025-01-26,64019,64603.97222760827,58248.320024953755,70959.62443026279,66280.55012346235,65421,66566,64508.56043628835
2025-01-27,64099,73760.07206254303,67400.76330554743,80119.38081953862,77700.63798510021,64019,82082,74924.93198786862
2025-01-28,61947,73879.5145403661,67518.22305739275,80240.80602333945,77653.93030419332,64099,81666,67847.4374794526
2025-01-29,59700,72557.90394317792,66113.7143548544,79002.09353150145,76499.20437986244,61947,80777,64760.15791905205
2025-01-30,63215,73879.127812975,67392.63402545905,80365.62160049095,78236.2161372364,59700,80756,65648.83115034246
2025-01-31,71507,79383.40671092835,72874.30719752153,85892.50622433517,77531.56742490736,63215,79724,72071.88676860559
2025-02-01,66483,66104.15747489283,59582.92772427292,72625.38722551274,67432.0695971608,71507,65421,59199.26408626893
2025-02-02,65573,64839.06420550032,58311.301081950674,71366.82732904996,66356.89006021684,66483,64019,64820.83979155376
2025-02-03,82182,78655.72323609919,72124.42713349606,85187.01933870232,77776.09486095753,65573,64099,77649.22554581954
2025-02-04,86322,79778.20658632932,73244.9908023496,86311.42237030905,77730.37282045305,82182,61947,81516.13148436032
2025-02-05,86996,78615.48122857204,72001.55076133361,85229.41169581047,76575.75247360258,86322,59700,82688.56203521194
2025-02-06,86315,79899.6554791266,73244.49654074096,86554.81441751223,78311.92572738936,86996,63215,86457.24919028801
2025-02-07,90638,80605.2003348958,73927.99176050564,87282.40890928595,77606.92519488136,86315,71507,85592.58439538858
2025-02-08,73299,69373.46420493154,62684.41264825513,76062.51576160797,67507.34144204152,90638,66483,77578.8687634643
2025-02-09,70270,67884.50518155195,61189.06757291958,74579.94279018433,66432.10800180276,73299,65573,70849.7473335623
2025-02-10,84699,80622.82925478286,73923.93317328043,87321.7253362853,77851.1904353553,70270,82182,82581.77066454536
2025-02-11,83362,78101.88614691964,71401.10720033522,84802.66509350407,77805.60405283551,84699,86322,81862.15425819985
2025-02-12,89324,77607.23323436627,70827.65505886494,84386.8114098676,76650.99805874842,83362,86996,82198.88910758635
2025-02-13,81305,77674.00071285474,70854.1363510608,84493.86507464868,78387.0554831101,89324,86315,86672.33775649237
2025-02-14,78786,76581.07285107292,69739.64524636278,83422.50045578307,77682.00632092841,81305,90638,81065.19494979289
2025-02-15,66243,65769.08991532339,58916.069948974,72622.10988167278,67582.41065692484,78786,73299,66833.57852987376
2025-02-16,64423,63563.44368563122,56704.16570038283,70422.7216708796,66507.16974388053,66243,70270,63776.880884165155
2025-02-17,78114,76600.95838326479,69738.2862909889,83463.63047554069,77926.23527115659,64423,84699,77858.71651348381
2025-02-18,79075,76659.36709657536,69794.843645979,83523.89054717172,77880.66759163643,78114,83362,78802.11808601356
2025-02-19,79643,75907.54099224035,68965.98754542504,82849.09443905565,76726.06356866348,79075,89324,80273.24605312028
2025-02-20,79895,77659.21317875833,70678.24429430946,84640.1820632072,78462.10500555903,79643,81305,79419.6028445827
2025-02-21,80061,77489.72604175622,70487.64328252301,84491.80880098943,77757.0491299392,79895,78786,80026.27799011585
2025-02-22,67988,66301.30321366976,59287.859435433136,73314.74699190637,67657.45182009914,80061,66243,67609.13692894512
2025-02-23,68283,66068.58258724015,59048.998789703546,73088.16638477675,66582.20987446756,67988,64423,67358.74012742109
2025-02-24,78296,78513.57806850458,71490.65933550114,85536.49680150801,78001.27306812348,68283,78114,80725.97147139406
2025-02-25,77625,77078.12374307238,70053.38249701724,84102.86498912753,77955.70796853307,78296,79075,78001.8336470807
2025-02-26,75917,74325.92527134763,67225.80339105614,81426.04715163913,76801.10421712909,77625,79643,76843.15045611776
2025-02-27,75932,75069.69366960996,67930.96860704348,82208.41873217643,78537.14344789796,75917,79895,75640.659081484
2025-02-28,73438,74322.51935849653,67163.09956018961,81481.93915680345,77832.08664582894,75932,80061,75947.12330702707
2025-03-01,63248,59752.528244650974,52581.963063196454,66923.0934261055,67732.48910880146,73438,67988,58716.08170667677
2025-03-02,61922,64061.999110514414,56885.40375856029,71238.59446246854,66657.24702063287,63248,68283,66838.98297173415
2025-03-03,67656,72628.30487394797,65448.42955619365,79808.18019170228,78076.30989226523,61922,78296,71047.02631450449
2025-03-04,85127,78233.8487439888,71052.17761873717,85415.51986924042,78030.7451486145,67656,77625,75586.04644225129
2025-03-05,80532,76067.64492232568,68812.13649825919,83323.15334639217,76876.1414346633,85127,75917,82812.07399860439
2025-03-06,75167,77190.38955485816,69897.03841176417,84483.74069795216,78612.18036103052,80532,75932,79964.10338917868
2025-03-07,74255,76710.8716130907,69397.21809738739,84024.525128794,77907.12343112755,75167,73438,75604.18981366736
2025-03-08,63786,65367.65838849167,58043.06121530605,72692.25556167729,67807.52586274942,74255,63248,64438.31685202993
2025-03-09,62382,64256.29983698309,56925.775127989946,71586.82454597623,66732.28375491145,63786,61922,61958.2579063439
2025-03-10,72266,76728.5953175316,69394.84189738624,84062.34873767695,78151.34658211074,62382,67656,74425.03203817423
2025-03-11,71531,75039.38795334396,67703.8635426829,82374.91236400502,78105.78188756974,72266,85127,75462.33852396625
2025-03-12,71900,74402.2057823723,66994.29230045543,81810.11926428917,76951.17817878534,71531,80532,73114.89228705416
2025-03-13,71956,74872.36231147569,67427.32004931857,82317.40457363281,78687.21706315222,71900,75167,71179.45571055342
2025-03-14,68297,73114.95171691215,65649.97537903833,80579.92805478598,77982.16011561103,71956,74255,71013.32872973625
2025-03-15,61990,62887.06261706932,55411.33184402191,70362.79339011673,67882.5625429071,68297,63786,59877.47532669364
2025-03-16,64455,64206.874758344726,56725.31260157315,71688.4369151163,66807.32043235512,61990,62382,62697.19865042958
2025-03-17,74273,76927.96702267865,69443.2240731877,84412.70997216961,78226.38325342367,64455,72266,75691.08983374826
2025-03-18,79892,77891.26390309635,70404.77308585081,85377.75472034188,78180.81856565853,74273,71531,78113.97760020196
2025-03-19,74254,75651.51870024811,68094.00125103975,83209.03614945647,77026.21485758701,79892,71900,78080.63270556818
2025-03-20,71832,75901.65743054137,68307.6831177222,83495.63174336053,78762.25373615886,74254,71956,73486.26461131478
2025-03-21,68159,73995.51627907928,66381.95443855936,81609.0781195992,78057.19678618402,71832,68297,70381.60377077764
2025-03-22,60131,61712.72571463126,54088.58736108764,69336.86406817488,67957.59921288323,68159,61990,58572.989785044614
2025-03-23,59671,60063.699516578956,52433.820074176474,67693.57895898144,66882.35710195678,60131,64455,58541.60563791253
2025-03-24,68066,72899.07326080253,65266.05793151414,80532.08859009092,78301.41992217944,59671,74273,70897.21984491698
2025-03-25,68612,72246.80697254628,64612.06536988174,79881.54857521082,78255.85523534921,68066,79892,71549.62255647789
2025-03-26,67221,69378.20095247336,61673.7174497906,77082.68445515612,77101.25152737604,68612,74254,66732.11441762897
2025-03-27,69183,72520.12524540215,64779.81868478391,80260.43180602038,78837.2904051483,67221,71832,69007.13462223481
2025-03-28,67840,73734.72375431372,65975.15647998126,81494.29102864617,78132.23345483768,69183,68159,70127.25392118993
2025-03-29,62150,63857.25895202174,56087.28283310949,71627.23507093398,68032.63588145454,67840,60131,61032.73290525686
2025-03-30,61624,63239.66355538087,55464.031329156816,71015.29578160492,66957.39377047641,62150,59671,61868.81352128657
2025-03-31,69168,75471.91393062718,67693.1879921132,83250.63986914116,78376.45659058235,61624,68066,71862.18944864621
2025-04-01,69182,74092.1652033387,66311.73320154489,81872.59720513252,78330.89190388111,69168,68612,71432.53764825272
2025-04-02,69045,73667.17384969635,65818.21402664462,81516.13367274808,77176.28819592152,69182,67221,70396.18641391405
2025-04-03,68704,75287.89740269925,67403.71363683257,83172.08116856593,78912.32707358347,69045,69183,70115.70306161867
2025-04-04,66311,74444.54652867875,66541.41089251758,82347.68216483992,78207.27012322651,68704,67840,67943.63877357022
2025-04-05,60778,64706.545194615275,56793.15904478655,72619.93134444399,68107.672549832,66311,62150,60484.49422739255
2025-04-06,58920,61534.04463377227,53615.082521042175,69453.00674650236,67032.43043884674,60778,61624,58425.00141954516
2025-04-07,67482,73081.05246883768,65159.03633344391,81003.06860423145,78451.49325893658,58920,69168,68095.56656825454
2025-04-08,67166,72018.30588211976,64094.602635323536,79942.00912891599,78405.92857225313,67482,69182,69336.22557492764
2025-04-09,67503,71543.94650946872,63552.86505709628,79535.02796184116,77251.32486429541,67166,69045,67928.74583376049
2025-04-10,67051,72606.62417181015,64580.88620764291,80632.3621359774,78987.36374194214,67503,68704,67447.63506290803
2025-04-11,64924,71344.63524634641,63300.23783595902,79389.0326567338,78282.3067915788,67051,66311,65227.82091288338
2025-04-12,58924,61780.25232379936,53725.754199257324,69834.7504483414,68182.70921818272,64924,60778,58823.51655032916
2025-04-13,59804,62598.787726731374,54538.78936553878,70658.78608792396,67107.46710719647,58924,58920,60421.641590134146
2025-04-14,71667,77057.94179226071,68994.92682968779,85120.95675483363,78526.52992728408,59804,67482,71904.60560537815
2025-04-15,68752,74103.00252010598,66038.31825062328,82167.68678958867,78480.96524060311,71667,67166,71058.30213034089
2025-04-16,67535,70604.78640116965,62473.81453628662,78735.75826605268,77326.36153264563,68752,67503,66571.22020794974
2025-04-17,67939,72805.86507092898,64640.77509594474,80970.95504591322,79062.40041029027,67535,67051,68282.24428890557
2025-04-18,66383,71833.71612821333,63650.24408246029,80017.18817396638,78357.34345992604,67939,64924,66209.52521492908
2025-04-19,60286,60615.332455365955,52421.901676078036,68808.76323465387,68257.74588652974,66383,58924,58371.23068901366
2025-04-20,58683,59250.16738404348,51051.30804649691,67449.02672159005,67182.50377554337,60286,59804,58694.41541502978
2025-04-21,67710,71997.18735061398,63795.34675603531,80199.02794519265,78601.56659563069,58683,71667,68431.20377283324
2025-04-22,69713,71609.82663298765,63406.333486488686,79813.31977948661,78556.00190895004,67710,68752,68828.56986196441
2025-04-23,67083,69167.15079206253,60898.40648765071,77435.89509647434,77401.3982009926,69713,67535,67908.14644129598
2025-04-24,66740,70974.05057333187,62671.69988542731,79276.40126123643,79137.43707863694,67083,67939,67118.35166160879
2025-04-25,64865,70880.075434346,62559.60621883073,79200.54464986126,78432.38012827259,66740,66383,65785.90863657273
2025-04-26,57963,59417.382080742085,51087.08892580758,67747.6752356766,68332.78255487626,64865,60286,57310.95974078544
2025-04-27,57477,58115.90937083387,49780.25561681734,66451.56312485039,67257.54044388988,57963,58683,56770.56490221994
2025-04-28,66068,71159.20763357305,62820.60605976565,79497.80920738046,78676.60326397716,57477,67710,67336.62648698672
2025-04-29,66232,70780.63924407965,62440.40091063957,79120.87757751973,78631.03857729655,66068,69713,67776.6985912962
2025-04-30,65333,68123.08854347983,59718.58561399176,76527.59147296789,77476.43486933912,66232,67083,64685.46475935505
2025-05-01,61111,71530.27314618907,63092.6509807795,79967.89531159862,79212.47374698342,65333,66740,67046.99612331101
2025-05-02,61909,70092.61563406202,61637.12573547859,78548.10553264545,78507.41679661906,61111,64865,60301.22929980173
2025-05-03,57168,61177.1614891192,52711.97582220075,69642.34715603765,68407.81922322273,61909,57963,57548.16477407796
2025-05-04,55754,57833.4393501568,49362.957616925516,66303.92108338808,67332.57711223634,57168,57477,54834.895842164195
2025-05-05,57374,66342.6896406936,57869.29176907203,74816.08751231516,78751.63993232361,55754,66068,61132.48993912068
2025-05-06,59717,65204.30499634215,56729.28527194756,73679.32472073674,78706.075245643,57374,66232,58942.49987410051
2025-05-07,65492,69150.23732995302,60611.893531050126,77688.5811288559,77551.47153768557,59717,65333,65209.61275147239
2025-05-08,66515,69608.11064628545,61037.112053121135,78179.10923944977,79287.51041532987,65492,61111,62834.59976962746
2025-05-09,69578,71449.65787432322,62861.030562557906,80038.28518608854,78582.4534649655,66515,61909,67374.98743608342
2025-05-10,59775,60646.07052284258,52047.869494697625,69244.27155098753,68482.85589156917,69578,57168,61472.48912530819
2025-05-11,58905,58460.90612984304,49857.470403576954,67064.34185610912,67407.61378058277,59775,55754,58007.99619596432
2025-05-12,67736,69715.82924594443,61109.50744207122,78322.15104981765,78826.67660067003,58905,57374,65342.99554580691
2025-05-13,68714,69553.51694480078,60945.58737862813,78161.44651097343,78781.11191398944,67736,59717,68599.02266569485
2025-05-14,68653,69258.90833880732,60588.55261474015,77929.2640628745,77626.50820603201,68714,65492,68775.60875010904
2025-05-15,69998,71971.56272341119,63268.99562059362,80674.12982622876,79362.54708367631,68653,66515,68727.80754778774
2025-05-16,72857,72281.35426472014,63561.38654728832,81001.32198215196,78657.49013331193,69998,69578,69597.35889824435
2025-05-17,61203,59028.91539757113,50299.49034876209,67758.34044638017,68557.8925599156,72857,59775,61153.88486107966
2025-05-18,58594,57021.37806918018,48286.77676079398,65755.97937756637,67482.65044892921,61203,58905,58985.324674834235
2025-05-19,68353,70252.64348646722,61515.184661933476,78990.10231100097,78901.71326901647,58594,67736,67561.40788952404
2025-05-20,72893,74745.88355358348,66006.83030273468,83484.93680443228,78856.14858233588,68353,68714,73865.44751161593
2025-05-21,74239,74879.9547809503,66079.33377142897,83680.57579047163,77701.54487437845,72893,68653,73625.19048626126
2025-05-22,71622,73559.82089752765,64727.412409922654,82392.22938513264,79437.58375202275,74239,69998,70494.56055483143
2025-05-23,67177,70814.55135508324,61964.960228728625,79664.14248143786,78732.52680165837,71622,72857,68975.70183395666
2025-05-24,58828,60200.35555853269,51341.41822591774,69059.29289114763,68632.92922826204,67177,61203,59401.46528612801
2025-05-25,58337,57567.17255324068,48703.114681415405,66431.23042506595,67557.68711727565,58828,58594,56795.39448030371
2025-05-26,68026,70699.89368223323,61833.00546554467,79566.78189892179,78976.74993736291,58337,68353,67522.47694551497
2025-05-27,69448,70514.94134014094,61646.47133430147,79383.41134598042,78931.18525068232,68026,72893,68789.71583145142
2025-05-28,68575,69402.17996828207,60472.96386926156,78331.39606730259,77776.58154272489,69448,74239,68876.9188593999
2025-05-29,69244,70773.72887455553,61813.131047217285,79734.32670189376,79512.62042036919,68575,71622,67838.645682843
2025-05-30,67178,70481.79463651658,61504.222724643274,79459.3665483899,78807.56347000481,69244,67177,68279.47099380082
2025-05-31,59788,59475.25297920438,50488.4410938739,68462.06486453486,68707.96589660848,67178,58828,58759.819244341605
2025-06-01,60283,60225.9727504045,51234.093518983485,69217.85198182552,67632.72378562209,59788,58337,61111.06382959772
2025-06-02,69209,72990.53992383539,63995.856227175536,81985.22362049524,79051.78660570935,60283,68026,69425.35213662422
2025-06-03,62134,65718.97372302056,56722.72022577231,74715.22722026882,79006.22191902876,69209,69448,63420.39427967192
2025-06-04,68127,70175.531889899,61119.31974839897,79231.74403139901,77851.61821107133,62134,68575,67725.63916824853
2025-06-05,68191,72779.61375576534,63692.40871935064,81866.81879218004,79587.65708871563,68127,69244,69285.27968834211
2025-06-06,63003,68569.051047646,59465.07169895942,77673.03039633259,78882.60013835125,68191,67178,63922.759081227035
2025-06-07,61690,64278.7259076961,55165.60825890095,73391.84355649125,68783.00256495492,63003,59788,62223.96948603575
2025-06-08,63953,65018.11621967111,55899.982063535164,74136.25037580705,67707.76045396853,61690,60283,63502.625017377984
2025-06-09,74569,77582.90036060708,68461.98641636886,86703.81430484529,79126.82327405579,63953,69209,73095.28822968778
2025-06-10,73235,75582.69675041857,66460.22439098367,84705.16910985348,79081.2585873752,74569,62134,73429.71505439756
2025-06-11,70733,73905.31455527994,64723.639066546064,83086.99004401382,77926.65487941777,73235,68127,72472.00018022445
2025-06-12,73440,77507.26262966516,68294.96728354244,86719.55797578787,79662.69375706206,70733,68191,72851.36436255575
2025-06-13,73842,76504.73043148924,67275.85234422034,85733.60851875813,78957.63680669769,73440,63003,72009.22987220797
2025-06-14,66062,66847.73530340857,57609.81633216597,76085.65427465117,68858.03923330136,73842,61690,66680.01031123553
2025-06-15,68191,66873.81005379242,57630.92321654204,76116.6968910428,67782.79712231497,66062,63953,66838.72213449098
2025-06-16,79094,78740.38708931327,69494.74401954123,87986.0301590853,79201.85994240222,68191,74569,76399.65975251034
2025-06-17,76928,78170.13910644597,68922.94844490808,87417.32976798387,79156.29525572163,79094,73235,78450.48164620681
2025-06-18,76769,77237.59400723674,67931.925872742,86543.26214173148,78001.6915477642,76928,70733,76127.06374843046
2025-06-19,80132,81183.51938780333,71847.5896571867,90519.44911841996,79737.7304254085,76769,73440,78682.3835345838
2025-06-20,81637,80446.82590456677,71094.49733150066,89799.15447763287,79032.67347504412,80132,73842,78697.50473181986
2025-06-21,67111,66444.97878315362,57083.702760177046,75806.2548061302,68933.0759016478,81637,66062,68913.01675092515
2025-06-22,63748,64134.553895984114,54768.35659377643,73500.7511981918,67857.8337906614,67111,68191,65546.42331696227
2025-06-23,77000,79359.87402236304,69990.94299529893,88728.80504942716,79276.89661074866,63748,79094,76515.68531484735
2025-06-24,77050,78228.2134031214,68857.74508323777,87598.68172300502,79231.33192406807,77000,76928,76131.71602153656
2025-06-25,73192,74924.65705690827,65496.40895350605,84352.90516031049,78076.72821611064,77050,76769,74082.19268615042
2025-06-26,74223,77131.86571688933,67673.70043249383,86590.03100128482,79812.76709375494,73192,80132,74113.12350598547
2025-06-27,76223,78961.14843588838,69486.76101776397,88435.53585401278,79107.71014339056,74223,81637,76621.64319665646
2025-06-28,71638,69861.37476636269,60378.12960140095,79344.61993132441,69008.11256999423,76223,67111,69018.96314109866
2025-06-29,72284,69834.57540292961,60346.45362130477,79322.69718455445,67932.87045900784,71638,63748,71427.69753882053
2025-06-30,85599,83664.50277520379,74173.66879564048,93155.3367547671,79351.9332790951,72284,77000,82876.47439419419
2025-07-01,89209,83894.50319326573,74402.141729508,93386.86465702346,79306.36859241451,85599,77050,85225.45040527981
2025-07-02,89069,83475.40187254953,73925.93207622373,93024.87166887532,78151.76488445708,89209,73192,87050.51501364005
2025-07-03,89103,85166.19167284196,75587.13611497801,94745.2472307059,79887.80376210138,89069,74223,87428.59305277078
2025-07-04,84920,84354.45359636197,74759.34586477814,93949.5613279458,79182.746811737,89103,76223,86752.66093317737
2025-07-05,77901,73774.82031939272,64170.94104270782,83378.69959607761,69083.14923834067,84920,71638,76193.22779554078
2025-07-06,78705,73442.6177155193,63833.90467973497,83051.33075130363,68007.90712735428,77901,72284,77071.10824226319
2025-07-07,93374,87138.05343423603,77526.64880808892,96749.45806038314,79426.96994744154,78705,85599,89129.46322121716
2025-07-08,95675,87921.08112728132,78308.15836645795,97534.00388810468,79381.40526076095,93374,89209,93448.69164288994
2025-07-09,92685,86763.66836009896,77094.28406197036,96433.05265822756,78226.80155280352,95675,89069,92740.46582305327
2025-07-10,90717,86761.78721389918,77063.1363573747,96460.43807042367,79962.84043044782,92685,89103,89752.80878203348
2025-07-11,87206,85634.11038869395,75919.57097422874,95348.64980315916,79257.78348008344,90717,84920,87544.17453747528
2025-07-12,77144,73836.23200759388,64113.00395894097,83559.46005624678,69158.18590668711,87206,77901,77349.66602853114
2025-07-13,71975,71315.99242988956,61587.97178394837,81044.01307583075,68082.94379570072,77144,78705,74801.10387356202
2025-07-14,80116,82029.3254291346,72298.6329373228,91760.01792094638,79502.00661578798,71975,93374,81800.39814091292
2025-07-15,78825,80453.64727507292,70721.44556757816,90185.84898256767,79456.44192910739,80116,95675,80558.1612678355
2025-07-16,82918,79212.55350564435,69424.51385299525,89000.59315829344,78301.83822114996,78825,92685,78287.64231546909
2025-07-17,82505,80845.96117309776,71028.96266459458,90662.95968160094,80037.87709879426,82918,90717,82342.04305106128
2025-07-18,81588,80875.92461038179,71043.19518702936,90708.65403373422,79332.82014842988,82505,87206,81101.28575343854
2025-07-19,70401,69042.97230003662,59201.63405595919,78884.31054411405,69233.22257503355,81588,77144,71777.28944161285
2025-07-20,73579,70177.23040388727,60331.139128918556,80023.32167885598,68157.98046404716,70401,71975,71389.93042674223
2025-07-21,86584,83886.13244981738,74037.38826203758,93734.87663759718,79577.04328413442,73579,80116,84931.23174319966
2025-07-22,88890,83890.02687951096,74039.78199074253,93740.27176827939,79531.47859745382,86584,78825,86728.36902402145
2025-07-23,89515,83061.02138212524,73155.54027304245,92966.50249120803,78376.8748894964,88890,82918,88231.66372641461
2025-07-24,91379,85539.00435257713,75604.86124816863,95473.14745698564,80112.9137671407,89515,82505,89079.1547873363
2025-07-25,90528,87233.41701343356,77283.69500654619,97183.13902032093,79407.85681677632,91379,81588,90638.17271594002
2025-07-26,82821,77209.76709278548,67251.51315916434,87168.02102640661,69308.25924337999,90528,70401,81456.80171341602
2025-07-27,82696,76664.82948466568,66701.8605834709,86627.79838586046,68233.0171323936,82821,73579,81683.97034407753
2025-07-28,90985,89307.70786366216,79342.10421879719,99273.31150852713,79652.07995248085,82696,86584,92810.81205275934
2025-07-29,90991,88835.74758038709,78868.6513690404,98802.84379173379,79606.51526580026,90985,88890,91655.02484885474
2025-07-30,87806,87768.435274637,77746.68393132166,97790.18661795233,78451.91155784283,90991,89515,91058.8718499091
2025-07-31,86203,89479.45486793396,79429.32815499372,99529.5815808742,80187.95043548713,87806,91379,89039.69896198275
2025-08-01,85678,88335.99922247024,78270.44030404522,98401.55814089527,79482.89348512275,86203,90528,85099.2027585287
2025-08-02,80532,77153.58205558166,67079.56534906477,87227.59876209855,69383.29591172643,85678,82821,77482.56416249946
2025-08-03,76329,73930.37967770883,63851.68464898671,84009.07470643095,68308.05380074003,80532,82696,77481.08905377367
2025-08-04,86074,86412.69946946981,76331.38714609084,96494.01179284877,79727.11662082729,76329,90985,86710.49689088973
2025-08-05,87891,85688.52685951468,75605.72974618271,95771.32397284664,79681.5519341467,86074,90991,86748.3061347286
2025-08-06,87801,83956.71654450371,73819.82588725467,94093.60720175275,78526.94822618927,87891,87806,86273.03323074336
2025-08-07,87053,84742.0534000519,74577.06432487478,94907.04247522901,80262.98710383357,87801,86203,86124.89217659009
2025-08-08,84820,83102.94691555042,72922.6673078308,93283.22652327004,79557.93015346919,87053,85678,84071.46759881834
2025-08-09,72350,70276.34355212108,60087.677691219804,80465.00941302234,69458.33258007286,84820,80532,74603.6545422921
2025-08-10,73104,69377.20461728558,59183.895740227665,79570.51349434348,68383.09046908647,72350,76329,71674.80352393586
2025-08-11,85071,82217.76642634072,72021.85702394415,92413.6758287373,79802.15328917373,73104,86074,83346.16149451649
2025-08-12,85223,81393.3363126896,71195.94955938453,91590.72306599467,79756.58860249314,85071,87891,85096.02210749387
2025-08-13,85279,81432.50483169549,71181.56767295783,91683.44199043316,78601.98489453571,85223,87801,85516.51409563754
2025-08-14,84685,83027.15156164036,72748.38378157726,93305.91934170347,80338.02377218001,85279,87053,84809.46323597454
2025-08-15,80573,77208.06509996226,66914.14370584865,87501.98649407587,79632.96682181563,84685,84820,77897.43900904512
2025-08-16,78156,72420.41261542052,62118.174039612175,82722.65119122886,69533.3692484193,80573,72350,77149.73647837879
2025-08-17,78493,71793.76784774805,61486.92029526213,82100.61540023398,68458.12713743291,78156,73104,77178.42782435658
2025-08-18,91911,85696.29708076561,75386.8651299598,96005.72903157142,79877.18995752017,78493,85071,89511.55503478469
2025-08-19,93346,85179.38517083072,74868.4829896202,95490.28735204124,79831.62527083958,91911,85223,91309.79695582997
2025-08-20,93164,84098.64904335767,73734.7221189727,94462.57596774264,78677.02156288215,93346,85279,91199.6995116526
2025-08-21,94599,86192.73398226628,75801.235558998,96584.23240553455,80413.06044052645,93164,84685,91690.55269020147
2025-08-22,93253,86631.32691655177,76224.80729318818,97037.84653991536,79708.00349016207,94599,80573,92928.80788741674
2025-08-23,83469,75679.41108253274,65264.64101559566,86094.1811494698,69608.40591676574,93253,78156,83190.98845873581
2025-08-24,83069,75267.45239996469,64848.106196681474,85686.79860324791,68533.16380577935,83469,78493,82474.09844243315
2025-08-25,95951,88281.42450415443,77859.50942191473,98703.33958639414,79952.2266258666,83069,91911,93516.01414384866
2025-08-26,91434,84848.62558822213,74425.24709508,95272.00408136426,79906.66193918601,95951,93346,92600.49470230532
2025-08-27,88503,82626.21345815195,72150.31931099278,93102.10760531112,78752.05823122858,91434,93164,89177.24042916977
2025-08-28,91396,85237.53376564337,74734.31901433541,95740.74851695132,80488.09710887288,88503,94599,89263.6904280041
2025-08-29,91742,85983.70944017766,75465.60163022495,96501.81725013036,79783.0401585085,91396,93253,90614.01878731343
2025-08-30,81144,74420.6749581729,63894.38123014916,84946.96868619663,69683.44258511218,91742,83469,81331.098041784
2025-08-31,78152,72418.62647305403,61887.788312450626,82949.46463365744,68608.20047412578,81144,83069,78962.68599713553
2025-09-01,89532,84838.51153669879,74305.11944099239,95371.90363240518,80027.26329421304,78152,95951,89163.48659787771
2025-09-02,87098,82728.08293826292,72193.23396641944,93262.93191010639,79981.69860753245,89532,91434,87913.81784550367
2025-09-03,88533,82263.86515024329,71676.99387972544,92850.73642076114,78827.09489957502,87098,88503,86924.26631261871
2025-09-04,88135,83828.18085422169,73214.2320616642,94442.12964677918,80563.13377721932,88533,91396,88586.74630219584
2025-09-05,88196,83926.70730896661,73297.98954246948,94555.42507546373,79858.07682685494,88135,91742,87536.54216601142
2025-09-06,77341,72749.34388274193,62112.50262333061,83386.18514215325,69758.47925345862,88196,81144,78508.78065730032
2025-09-07,73125,70222.3364589853,59580.98139237454,80863.69152559606,68683.23714247222,77341,78152,74969.09416479937
2025-09-08,83765,81205.85049932123,70561.9558958234,91849.74510281906,80102.29996255948,73125,89532,83476.92923333228
2025-09-09,80100,78870.62903398038,68225.28381947914,89515.97424848162,80056.73527587889,83765,87098,82313.62251672501
2025-09-10,80012,77857.4778964035,67160.58878588445,88554.36700692256,78902.13156792146,80100,88533,80726.2718634236
2025-09-11,81243,80063.14093507442,69339.40995848527,90786.87191166358,80638.17044556576,80012,88135,81618.52383878505
2025-09-12,80265,79412.73609502637,68674.3563733787,90151.11581667404,79933.11349520138,81243,88196,80876.08175302282
2025-09-13,70110,68570.9380377362,57824.49525253187,79317.38082294051,69833.51592180505,80265,77341,71529.50145119276
2025-09-14,69712,67286.04622478335,56535.119233537014,78036.97321602968,68758.27381081866,70110,73125,69324.29964124113
2025-09-15,82311,81103.78313184029,70350.33048408531,91857.23577959527,80177.33663090592,69712,83765,83057.19868782931
2025-09-16,84004,80757.0170972404,70002.11984803302,91511.91434644778,80131.77194422533,82311,80100,82641.78624771364
2025-09-17,84378,78629.23353183012,67823.25656462302,89435.21049903722,78977.1682362679,84004,80012,82655.99553151919
2025-09-18,77178,77661.14429774582,66828.55405466822,88493.73454082343,80713.2071139122,84378,81243,81717.24488021056
2025-09-19,75214,75629.78275543294,64782.66032772124,86476.90518314464,80008.15016354782,77178,80265,75743.9948728674
2025-09-20,65418,64819.939838651706,53964.81287842925,75675.06679887416,69908.55259015149,75214,70110,66504.48555374065
2025-09-21,64083,62939.02310702951,52079.440568195336,73798.60564586369,68833.3104791651,65418,69712,64480.50008509327
2025-09-22,73830,75792.84330019473,64930.748493300576,86654.93810708888,80252.37329925236,64083,82311,76595.23729263156
2025-09-23,74796,75657.56699763917,64794.03335634568,86521.10063893265,80206.80861257177,73830,84004,75742.84621180735
2025-09-24,79128,75602.6460411921,64688.48331479043,86516.80876759377,79052.20490461434,74796,84378,77167.65990643826
2025-09-25,77812,77083.77523900714,66143.22109764065,88024.32938037363,80788.24378225864,79128,77178,78239.69230004888
2025-09-26,74644,75563.20368600915,64608.23042693996,86518.17694507833,80083.18683189426,77812,75214,76391.61706621046
2025-09-27,66185,65107.21979885847,54144.298731040726,76070.14086667621,69983.58925849793,74644,65418,66203.39444207458
2025-09-28,64199,63277.171651095996,52309.822705509214,74244.52059668278,68908.34714751154,66185,64083,65032.19053650066
2025-09-29,73653,74686.29513852549,63716.446845574195,85656.14343147678,80327.4099675988,64199,73830,74587.31229878994
2025-09-30,73444,73350.27185795302,62378.990267360394,84321.55344854564,80281.8452809182,73653,74796,73778.13283481344
2025-10-01,73111,72595.62266923414,61574.14971635311,83617.09562211519,79127.24157296077,73444,79128,75334.73194192049
2025-10-02,70696,75052.19610406428,64004.54718240842,86099.84502572013,80863.28045060507,73111,77812,74143.19080966267
2025-10-03,63924,68171.96591002072,57110.00760769426,79233.92421234718,80158.2235002407,70696,74644,64862.711625937016
2025-10-04,60603,64538.782378118136,53468.93126862787,75608.6334876084,70058.62592684437,63924,66185,63240.67461209442
2025-10-05,56927,57632.52060708159,46558.26843814057,68706.77277602261,68983.38381585797,60603,64199,55545.13468365025
2025-10-06,53033,68374.54925094693,57297.810210173746,79451.28829172012,80402.44663594523,56927,73653,66909.70501843625
2025-10-07,56492,67836.84675014908,56758.67972959265,78915.01377070551,80356.88194926464,53033,73444,57959.66171481056
2025-10-08,59071,67801.85195477153,56673.91897893993,78929.78493060311,79202.27824130721,56492,73111,61480.789672460196
2025-10-09,61180,68734.4951769643,57580.595558308574,79888.39479562001,80938.31711895151,59071,70696,60136.52772387702
2025-10-10,66232,73141.3100715749,61973.207632535254,84309.41251061455,80233.26016858713,61180,63924,67245.26002700119
2025-10-11,64027,64053.432231498045,52877.49034437095,75229.37411862514,70133.6625951908,66232,60603,60071.72583800088
2025-10-12,62650,61454.609765577276,50274.292796032176,72634.92673512237,69058.42048420441,64027,56927,62553.569543896665
2025-10-13,73176,72810.78577778746,61627.993987913316,83993.5775676616,80477.48330429167,62650,53033,68883.44129159061
2025-10-14,72660,71850.60465416215,60666.38999411696,83034.81931420733,80431.91861761108,73176,56492,72824.28818331043
2025-10-15,73212,71690.02277941586,60456.45581208249,82923.58974674923,79277.31490965365,72660,59071,73649.85781679061
2025-10-16,72937,73526.53468442376,62267.204555971315,84785.86481287621,81013.35378729795,73212,61180,72844.92868333925
2025-10-17,71620,72837.77617209122,61564.346750349374,84111.20559383307,80308.29683693357,72937,66232,71801.05110363799
2025-10-18,61543,60468.479897367346,49187.26281877464,71749.69697596005,70208.69926353724,71620,64027,61866.37140897768
2025-10-19,60162,59014.10791799092,47728.54093136925,70299.67490461259,69133.45715255085,61543,62650,60938.0057385427
2025-10-20,69493,73235.52381392376,61947.49365424219,84523.55397360533,80552.51997263811,60162,73176,71096.10744445951
2025-10-21,70431,73291.91763735139,62002.46951883802,84581.36575586475,80506.95528595752,69493,72660,71346.78370662095
2025-10-22,69634,70980.28299176904,59641.88497720678,82318.6810063313,79352.35157800009,70431,73212,70253.86865470106
2025-10-23,69621,71876.45730870045,60512.49402945224,83240.42058794867,81088.39045564439,69634,72937,69090.90031130548
2025-10-24,68362,71347.37402713098,59969.412083206444,82725.33597105552,80383.33350528001,69621,71620,69080.39404199358
2025-10-25,60537,60407.45786778837,49021.75856047292,71793.15717510383,70283.73593188368,68362,61543,60267.42634175703
2025-10-26,60017,60342.27635885321,48952.25155150416,71732.30116620226,69208.49382089729,60537,60162,61342.95842299771
2025-10-27,70932,73774.82050600425,62382.34378719314,85167.29722481537,80627.55664098455,60017,69493,69970.21123268269
2025-10-28,71448,73496.02508800593,62102.13513277547,84889.9150432364,80581.99195430396,70932,70431,71928.74498421467
2025-10-29,70693,71900.44435834447,60457.9961720318,83342.89254465712,79427.38824634653,71448,69634,71615.26744125066
2025-10-30,71052,73576.08837903639,62108.26748247656,85043.90927559622,81163.42712399083,70693,69621,71042.19154348376
2025-10-31,68971,72642.45664557494,61160.73494102487,84124.17835012502,80458.37017362645,71052,68362,69992.71860996725
2025-11-01,60385,60345.83239720658,48856.4221907639,71835.24260364925,70358.77260023012,68971,60537,59791.836716688435
2025-11-02,60384,60666.45306453215,49172.741033701735,72160.16509536256,69283.53048924373,60385,60017,61252.984422624155
2025-11-03,71072,74331.69686149985,62835.543812560136,85827.84991043956,80702.59330933099,60384,70932,70886.88408580054
2025-11-04,70465,72728.34356852138,61230.78182541639,84225.90531162637,80657.0286226504,71072,71448,70767.37823387983
2025-11-05,69436,71065.40603274644,59519.66743836987,82611.14462712301,79502.42491469297,70465,70693,70388.9900486128
2025-11-06,70055,72606.01910783147,61035.09524443379,84176.94297122915,81238.46379233726,69436,71052,69746.94935893916
2025-11-07,67814,71762.47384523133,60177.74437762313,83347.20331283953,80533.40684197289,70055,68971,68831.33259508276
2025-11-08,59993,60953.62572037918,49361.25524230609,72545.99619845227,70433.80926857656,67814,60385,60356.44435933275
2025-11-09,59258,59283.07761747643,47686.428290318894,70879.72694463396,69358.56715759017,59993,60384,58964.93995975857
2025-11-10,70285,72953.65605273722,61354.57624895493,84552.73585651952,80777.62997767742,59258,71072,69694.90065416977
2025-11-11,70873,72822.31354351496,61221.82941589829,84422.79767113163,80732.06529099683,70285,70465,71223.7188299389
2025-11-12,70050,71722.3277620661,60074.038311809396,83370.6172123228,79577.4615830394,70873,69436,71049.2792067483
2025-11-13,69937,73093.28455502614,61419.99237913725,84766.57673091503,81313.5004606837,70050,70055,70291.6831768145
2025-11-14,68713,73066.81512950378,61379.81001232994,84753.82024667763,80608.44351031932,69937,67814,69460.88102536363
2025-11-15,60524,61901.182708303684,50206.582760283694,73595.78265632367,70508.845936923,68713,59993,60877.95649877862
2025-11-16,60424,60464.98086208949,48766.12437006851,72163.83735411047,69433.6038259366,60524,59258,59966.9148291641
2025-11-17,74529,75252.2077089634,63550.93094534063,86953.48447258616,80852.66664602386,60424,70285,72132.55826872747
2025-11-18,76163,75637.90145868283,63935.224577375804,87340.57833998985,80807.10195934327,74529,70873,75344.43516666447
2025-11-19,75238,74472.4556535622,62722.33553592271,86222.57577120168,79652.49825138584,76163,70050,75351.88290656391
2025-11-20,73692,75128.37255355783,63353.427558799056,86903.3175483166,81388.53712903014,75238,69937,73984.82635027975
2025-11-21,72132,74565.47301415815,62776.905305784014,86354.04072253229,80683.48017866576,73692,68713,72053.03283472326
2025-11-22,62085,63096.86374521202,51300.74612870162,74892.98136172241,70583.88260526943,72132,60524,63380.80349468098
2025-11-23,61211,62124.07335657622,50323.72085930641,73924.42585384603,69508.64049428304,62085,60424,62028.35473938713
2025-11-24,71960,74318.61843568202,62515.85554988017,86121.38132148386,80927.7033143703,61211,74529,71229.54926389511
2025-11-25,75196,75175.91671442629,63371.75776019589,86980.07566865669,80882.13862768971,71960,76163,73949.70824181549
2025-11-26,73232,73630.01048570122,61778.7613246924,85481.25964671004,79727.53491973228,75196,75238,74142.2212204459
2025-11-27,75945,76069.43634493559,64193.535651894446,87945.33703797673,81463.57379737658,73232,73692,74019.49429246
2025-11-28,73549,75666.4686905177,63777.03317588778,87555.9042051476,80758.5168470122,75945,72132,74134.83372931549
2025-11-29,62479,63831.60152429343,51934.659819111155,75728.5432294757,70658.91927361587,73549,62085,64006.95236703603
2025-11-30,60401,61209.127764916426,49307.97222713456,73110.28330269828,69583.67716262948,62479,61211,60622.87047141997
2025-12-01,74406,76357.58555702826,64454.029205506595,88261.14190854992,81002.73998271674,60401,71960,73440.84568642803
2025-12-02,78345,77314.08935663624,65409.140835911014,89219.03787736146,80957.17529603615,74406,75196,76696.77505546877
2025-12-03,82657,78480.6129995382,66528.91860879672,90432.30739027969,79802.57158807872,78345,73232,79470.87024871708
2025-12-04,82146,79974.54115945075,67998.36425910138,91950.71805980011,81538.61046572302,82657,75945,81762.15943898635
2025-12-05,80983,79473.15665227147,67483.53058077265,91462.78272377029,80833.55351535864,82146,73549,79469.72962407467
2025-12-06,66892,67442.22980087639,55445.140100171615,79439.31950158117,70733.95594196231,80983,62479,69864.00009324426
2025-12-07,63867,64899.963872390574,52898.68079742247,76901.24694735868,69658.71383097592,66892,60401,64901.553474581924
2025-12-08,78886,78324.89603836654,66321.22142907623,90328.57064765684,81077.77665106318,63867,74406,75492.24519799279
2025-12-09,79694,78631.20768945952,66626.14466663163,90636.27071228741,81032.21196438259,78886,78345,80216.86346073433
2025-12-10,78779,76832.50575575385,64781.03285076353,88883.97866074418,79877.60825642516,79694,82657,78812.71069374049
2025-12-11,78517,78076.06009839578,66000.26955438971,90151.85064240186,81613.64713406946,78779,82146,78297.36818121509
2025-12-12,78812,78109.45097736515,66020.29475995128,90198.60719477902,80908.59018370508,78517,80983,77294.86805758208
2025-12-13,67247,67592.22969269296,55495.65129738001,79688.8080880059,70808.99261030875,78812,66892,68647.74012307098
2025-12-14,66818,67045.91774653606,54945.16586933466,79146.66962373744,69733.75049932236,67247,63867,66904.3811114375
2025-12-15,81217,80027.07205394331,67923.9376386474,92130.20646923922,81152.81331940962,66818,78886,78685.1823783531
2025-12-16,82243,78603.65737152881,66499.13816090979,90708.17658214783,81107.24863272902,81217,79694,80427.0615005481
2025-12-17,77799,76582.39285158266,64431.79172295256,88732.99398021275,79952.6449247716,82243,78779,80268.28381342941
2025-12-18,79780,78781.08450278573,66606.32661548625,90955.8423900852,81688.6838024159,77799,78517,78551.74973702549
2025-12-19,81098,77910.0699465508,65722.02781496907,90098.11207813252,80983.62685205152,79780,78812,77850.83805484636
2025-12-20,64243,65990.37945957096,53794.95553505144,78185.80338409048,70884.02927865519,81098,67247,68565.9432758285
2025-12-21,66522,66325.55789498368,54125.979837552375,78525.13595241497,69808.7871676688,64243,66818,65232.01177448435
2025-12-22,81177,79661.95004129875,67459.99817032738,91863.90191227013,81227.84998775605,66522,81217,79173.37053609024
2025-12-23,82812,79050.0676222024,66846.73444243976,91253.40080196505,81182.28530107546,81177,82243,81640.80895643879
2025-12-24,82180,77683.14166766085,65434.04681814702,89932.23651717468,80027.68159311803,82812,77799,80758.40484969332
2025-12-25,72089,74204.69025365482,61931.59568854708,86477.78481876255,81763.72047076233,82180,79780,76657.53373466815
2025-12-26,82377,81662.20582950793,69375.90646022913,93948.50519878673,81058.66352039795,72089,81098,80261.880294192
2025-12-27,69190,69894.16264699078,57600.5208447508,82187.80444923075,70959.06594700163,82377,64243,69516.11738958604
2025-12-28,65599,67506.88346238351,55209.10635416325,79804.66057060378,69883.82383601523,69190,66522,67499.91348089505
2025-12-29,79283,79406.17300687643,67106.03054889175,91706.31546486111,81302.88665610249,65599,81177,77872.77419852048
2025-12-30,79693,79286.53395521775,66985.01354874467,91588.05436169083,81257.3219694219,79283,82812,80935.47890124543
2025-12-31,79488,79741.70564113298,67394.73638887006,92088.6748933959,80102.71826146447,79693,82180,80905.31549680393
