tm,actual,arimax_v2_oneshot,arimax_v2_rolling,ci_low,ci_high
2025-01-01,64403,68344.2812331866,68344.2812331866,63199.446006442726,73489.11645993048
2025-01-02,77832,76756.28201880987,73922.39486058004,70419.56651083687,83092.99752678287
2025-01-03,80523,77655.50226132863,78490.94625801191,70814.07730135765,84496.9272212996
2025-01-04,68094,66226.28134931943,68269.41608962585,59152.41178427192,73300.15091436694
2025-01-05,67984,66137.67073525737,67435.64557337658,58953.38606025525,73321.95541025948
2025-01-06,83402,79342.54204488227,80641.72371444412,72105.06202509768,86580.02206466686
2025-01-07,84067,78855.85449392347,81746.49312346429,71592.54925244417,86119.15973540278
2025-01-08,85705,78060.33332679066,80629.73976890014,70556.86817536435,85563.79847821697
2025-01-09,90705,81872.49947160816,88395.18708657727,74249.22362090871,89495.7753223076
2025-01-10,89452,81630.61710791131,88438.99191161495,73949.58966502339,89311.64455079923
2025-01-11,72458,69817.48645357025,75257.41338659855,62108.39440353496,77526.57850360555
2025-01-12,70172,68350.07380924426,70286.6780380697,60627.26448144864,76072.88313703988
2025-01-13,85286,81196.41719154846,83251.89953715047,73466.86613182354,88925.96825127339
2025-01-14,83831,78882.15659573476,82455.09802757892,71149.27050930898,86615.04268216055
2025-01-15,83464,78392.77598344503,82291.06783919121,70513.3321909616,86272.21977592845
2025-01-16,85908,80323.97268762076,85579.22513921624,72370.00308754203,88277.94228769948
2025-01-17,82514,79236.57606642018,83999.14161266973,71246.42968905962,87226.72244378075
2025-01-18,68811,67294.48473486664,68732.56164268446,59286.660465259614,75302.30900447366
2025-01-19,66566,65842.20634325528,67000.68222750658,57825.69152561639,73858.72116089417
2025-01-20,82082,79120.97757964063,80925.75704838958,71100.16084184703,87141.79431743424
2025-01-21,81666,78487.45649627627,81611.13798594699,70464.49119090865,86510.42180164388
2025-01-22,80777,76393.92061452779,79271.57260218328,68235.33771705897,84552.5035119966
2025-01-23,80756,77967.29428027988,82802.15508167181,69739.5084170976,86195.08014346215
2025-01-24,79724,77324.91803295602,79648.51921310669,69063.46960187935,85586.36646403269
2025-01-25,65421,65525.26851670417,66455.89680480713,57247.3334085962,73803.20362481214
2025-01-26,64019,64611.269448898034,64498.075701546746,56325.205917198284,72897.33298059778
2025-01-27,64099,74315.65914587148,75485.89108871734,66025.5561621078,82605.76212963517
2025-01-28,61947,74279.5717857729,67936.57104424328,65987.44043026752,82571.70314127828
2025-01-29,59700,72761.31528243261,65093.83012626598,64338.10925398788,81184.52131087735
2025-01-30,63215,74351.85691395942,66296.58645460497,65861.65236912001,82842.06145879882
2025-01-31,71507,79618.05972736195,72246.91701903562,71095.21255745812,88140.90689726578
2025-02-01,66483,67721.84139259817,61012.651271840376,59182.976466384695,76260.70631881166
2025-02-02,65573,66438.04811496995,65538.44821227396,57891.26596529108,74984.83026464882
2025-02-03,82182,80424.68813587364,78162.7809763763,71873.95785186098,88975.41841988631
2025-02-04,86322,81409.01322484972,81978.10925496624,72856.29096571676,89961.73548398269
2025-02-05,86996,80043.8288458806,83026.03427615485,71363.74736434258,88723.91032741863
2025-02-06,86315,81600.16117293909,86832.84794248972,72854.88475609856,90345.43758977961
2025-02-07,90638,82380.58953276959,85885.76112314747,73603.50070594421,91157.67835959497
2025-02-08,73299,70961.08483889508,77345.9458071907,62168.35664970435,79753.81302808582
2025-02-09,70270,69471.41012756522,70911.96325189965,60670.93263636469,78271.88761876574
2025-02-10,84699,82419.45178695807,82669.29215454965,73615.0968177929,91223.80675612325
2025-02-11,83362,79770.52005891167,82041.13800526876,70964.1996796708,88576.84043815255
2025-02-12,89324,79048.79001409342,82305.87955926087,70118.48039628119,87979.09963190566
2025-02-13,81305,79371.59032783484,86933.83408465462,70377.72313398053,88365.45752168915
2025-02-14,78786,78400.14075207477,81214.34159068367,69375.21403148511,87425.06747266444
2025-02-15,66243,67370.17536579096,66889.80191026388,58329.95147329121,76410.39925829071
2025-02-16,64423,65147.075567292966,64039.80519043297,56099.253408342236,74194.8977262437
2025-02-17,78114,78367.94595478513,78076.82032359172,69316.3091855717,87419.58272399855
2025-02-18,79075,78287.41358584217,79050.97367385018,69233.83444299853,87340.9927286858
2025-02-19,79643,77334.81690986332,80525.2838685133,68160.34730098254,86509.2865187441
2025-02-20,79895,79342.42423507995,79640.85883123253,70105.90380523488,88578.94466492502
2025-02-21,80061,79277.06025193301,80442.3710523648,70010.17259146135,88543.94791240468
2025-02-22,67988,67884.81170966582,67604.91018706656,58602.94082121948,77166.68259811217
2025-02-23,68283,67625.51428932192,67517.60819291095,58336.183074993096,76914.84550365074
2025-02-24,78296,80294.34701156284,80945.46779223341,71001.25806817974,89587.43595494595
2025-02-25,77625,78721.11353400795,78187.48417636463,69426.10257681228,88016.12449120362
2025-02-26,75917,75766.74719545149,77239.11850929658,66353.70944120138,85179.7849497016
2025-02-27,75932,76769.09315890392,75730.01695264761,67295.3978693851,86242.78844842275
2025-02-28,73438,76129.65964407593,76267.2323311148,66626.23675591659,85633.08253223528
2025-03-01,63248,59326.70032024557,56692.227194626925,49808.58360516609,68844.81703532505
2025-03-02,61922,63267.044793653855,66167.57953307751,53741.59432733213,72792.49525997558
2025-03-03,67656,72356.77075870361,70754.93016118779,62827.61425717867,81885.92726022855
2025-03-04,85127,77483.78742925993,74879.32120956926,67952.72695958815,87014.84789893171
2025-03-05,80532,75123.6174084551,82560.9028858985,65477.18683944408,84770.04797746612
2025-03-06,75167,76510.87518242314,79168.71809119555,66805.08025904377,86216.67010580252
2025-03-07,74255,76140.72618569578,75043.20650266761,66405.79680081288,85875.65557057867
2025-03-08,63786,64587.18609745019,64389.56079043293,54837.83062008461,74336.54157481577
2025-03-09,62382,63472.50660940003,61748.93715393537,53715.93392700545,73229.07929179461
2025-03-10,72266,76151.63467390244,73984.56616661958,66391.40307728022,85911.86627052467
2025-03-11,71531,74327.4427930815,75213.2554509867,64565.32323598434,84089.56235017866
2025-03-12,71900,73462.90727578856,72834.41000491854,63587.890860067484,83337.92369150963
2025-03-13,71956,74191.10979118766,70865.33969953001,64257.9332999148,84124.28628246051
2025-03-14,68297,72538.99445721376,70739.90201029544,62577.235323214685,82500.75359121284
2025-03-15,61990,62083.00752199998,59899.48408684747,52107.0707768847,72058.94426711526
2025-03-16,64455,63375.38657486418,62459.93369280521,53392.3402642,73358.43288552835
2025-03-17,74273,76315.23641099558,75272.3521064893,66328.57424895029,86301.89857304087
2025-03-18,79892,77135.75431013182,78065.4946821946,67147.21838820318,87124.29023206045
2025-03-19,74254,74704.4304777887,77815.91955005631,64605.307413753675,84803.55354182373
2025-03-20,71832,75211.6426398797,72986.30477316376,65055.48439971214,85367.80088004726
2025-03-21,68159,73413.11055094792,70101.29232702572,63228.88457369939,83597.33652819647
2025-03-22,60131,60924.72168986846,58630.948637723515,50726.549384316844,71122.89399542008
2025-03-23,59671,59269.13657853141,58418.684038076724,49063.95439478649,69474.31876227634
2025-03-24,68066,72300.15128229946,70533.38728908182,62091.392689683926,82508.90987491499
2025-03-25,68612,71500.91420398414,71448.76137171133,61290.29444118871,81711.53396677958
2025-03-26,67221,68441.12341859193,66539.39589362578,58122.07973759499,78760.16709958887
2025-03-27,69183,71815.44601074589,68777.55375369951,61440.42083083741,82190.47119065437
2025-03-28,67840,73121.98610634927,69855.95398689469,62719.37495937434,83524.5972533242
2025-03-29,62150,63035.3881976178,61090.573259223704,52619.04656879619,73451.72982643942
2025-03-30,61624,62413.31851047372,61810.028523418674,51990.0595572879,72836.57746365955
2025-03-31,69168,74873.16909069582,71572.85555306954,64446.36992600888,85299.96825538277
2025-04-01,69182,73384.68878110326,71454.93994478516,62956.0395930342,83813.33796917234
2025-04-02,69045,72738.13976713596,70177.30735902915,62203.09804417252,83273.18149009939
2025-04-03,68704,74623.11030054284,69962.52469049196,64033.076567340504,85213.1440337452
2025-04-04,66311,73884.58508948766,67761.82510606741,63267.41728387011,84501.75289510522
2025-04-05,60778,63936.584712524615,60661.0887548046,53305.888356375166,74567.28106867407
2025-04-06,58920,60743.15950527493,58458.922195991094,50105.631951543786,71380.68705900607
2025-04-07,67482,72502.01130655209,67860.27522235438,61860.976817163326,83143.04579594084
2025-04-08,67166,71292.26282353292,69280.5309728515,60649.38815941043,81935.1374876554
2025-04-09,67503,70613.00169184562,67760.99517573537,59865.646718850054,81360.3566648412
2025-04-10,67051,71937.84778715398,67329.10800035945,61136.43220541291,82739.26336889504
2025-04-11,64924,70788.95342190389,65027.32219302662,59960.82861756424,81617.07822624354
2025-04-12,58924,60999.323415509134,58944.359468188726,50157.85939772228,71840.78743329599
2025-04-13,59804,61777.03670114287,60375.68215207526,50928.821798802805,72625.25160348293
2025-04-14,71667,76457.2327624571,71631.06269331461,65605.54155953853,87308.92396537568
2025-04-15,68752,73376.43485185562,70978.98686043688,62522.91215017607,84229.95755353518
2025-04-16,67535,69674.23762981482,66407.08012868799,58718.03872994251,80630.43652968711
2025-04-17,67939,72121.11087070488,68161.98584391935,61111.72999840582,83130.49174300395
2025-04-18,66383,71263.77977976337,65991.72520367481,60228.08996070034,82299.4695988264
2025-04-19,60286,59826.924282674045,58457.59204213882,48778.07314621921,70875.77541912888
2025-04-20,58683,58461.15760469491,58693.542731434376,47405.630618235926,69516.6845911539
2025-04-21,67710,71415.45718897933,68144.65965481295,60356.48214115515,82474.4322368035
2025-04-22,69713,70906.64066609892,68667.13452503363,59845.84173215945,81967.43960003837
2025-04-23,67083,68234.83034752803,67741.04517514423,57073.06087450919,79396.59982054686
2025-04-24,66740,70288.25729767297,66926.88050182171,59074.13638936172,81502.37820598422
2025-04-25,64865,70288.0305774103,65569.47198682887,59047.97859196324,81528.08256285737
2025-04-26,57963,58628.63941291494,57375.82089544095,47375.59357693665,69881.68524889323
2025-04-27,57477,57304.55123846988,56743.84192952484,46044.89977807549,68564.20269886428
2025-04-28,66068,70565.01579888423,67151.40561384114,59301.94233515703,81828.08926261142
2025-04-29,66232,70055.22434363203,67587.02023068149,58790.333638881624,81320.11504838243
2025-04-30,65333,67187.80734780492,64605.71160245461,55823.56181052476,78552.05288508507
2025-05-01,61111,72060.72268990244,68185.16486108406,60644.91226556641,83476.53311423847
2025-05-02,61909,70711.55835647682,60472.482479883045,59270.17422921485,82152.94248373879
2025-05-03,57168,61593.19550603487,58154.18348857659,50138.97545783875,73047.41555423099
2025-05-04,55754,58237.5026997486,55229.408567403094,46776.74285751594,69698.26254198125
2025-05-05,57374,67290.24292757007,61724.24867010466,55826.085147928425,78754.40070721171
2025-05-06,59717,66021.88013652673,59291.40084737609,54555.91087767453,77487.84939537893
2025-05-07,65492,69424.73832993579,65357.25319494226,57860.94750113935,80988.52915873223
2025-05-08,66515,70138.67564042563,62805.18185001917,58524.066120683936,81753.28516016733
2025-05-09,69578,72073.60773159182,67549.82093567621,60433.76307932676,83713.45238385689
2025-05-10,59775,61035.84301336288,61719.557833139355,49383.31162214101,72688.37440458476
2025-05-11,58905,58859.58137840606,58160.0240466136,47200.57199450473,70518.59076230739
2025-05-12,67736,70334.81600532607,65327.88830633709,58672.430925066205,81997.20108558593
2025-05-13,68714,70023.70234113625,68659.95135676183,58359.510734676136,81687.89394759636
2025-05-14,68653,69522.34373949307,68953.57087464175,57761.78804340572,81282.8994355804
2025-05-15,69998,72476.63787914596,68458.68496716212,60665.97256716743,84287.30319112449
2025-05-16,72857,72925.82484621416,69722.69226787158,61090.245671973484,84761.40402045485
2025-05-17,61203,59434.75484206545,61314.65019665769,47586.630065138466,71282.87961899243
2025-05-18,58594,57410.096125144264,59049.502963253624,45555.55145326739,69264.64079702113
2025-05-19,68353,70838.10083347773,67370.87601389426,58980.2010299363,82696.00063701915
2025-05-20,72893,75196.28829210227,73904.44031306199,63336.58617265391,87055.99041155062
2025-05-21,74239,75125.87745353897,73752.77724939176,63171.198876190996,87080.55603088693
2025-05-22,71622,74051.0674003818,70400.8869436999,62046.95404282234,86055.18075794126
2025-05-23,67177,71390.3569800402,69067.42807094796,59361.6350720238,83419.07888805661
2025-05-24,58828,60573.090263324084,59479.555050519055,48531.95646947307,72614.2240571751
2025-05-25,58337,57954.71932148802,56988.625362521365,45907.22031702775,70002.21832594828
2025-05-26,68026,71299.93992688137,67541.29918294406,59249.10481148536,83350.77504227738
2025-05-27,69448,70978.88578586567,68842.66883336748,58926.25188100045,83031.5196907309
2025-05-28,68575,69658.31402867519,68994.88196842482,57512.02675382408,81804.60130352629
2025-05-29,69244,71283.03590238938,67790.43701237733,59087.95702297942,83478.11478179935
2025-05-30,67178,71094.99578583453,68456.05926532143,58875.59891073676,83314.39266093231
2025-05-31,59788,59872.65469040991,58803.73464785238,47640.97278770153,72104.33659311829
2025-06-01,60283,60194.59515465763,60806.63416645295,47956.59957208763,72432.59073722764
2025-06-02,69209,73152.23837674574,69271.19748157272,60910.92427843783,85393.55247505364
2025-06-03,62134,66091.03086657973,63669.07434312129,53847.920873998024,78334.14085916145
2025-06-04,68127,69984.34971122703,67457.43311311898,57648.84965174189,82319.84977071217
2025-06-05,68191,72852.72144858053,69226.07867222151,60469.043616711795,85236.39928044927
2025-06-06,63003,69074.80047212598,64234.55612104654,56667.081521720596,81482.51942253136
2025-06-07,61690,64235.85609096005,61948.575169001335,51815.972616355204,76655.7395655649
2025-06-08,63953,64963.65476539591,63662.428980217366,52537.50622140278,77389.80330938904
2025-06-09,74569,77730.88694352489,73067.73755972029,65301.43615976126,90160.33772728853
2025-06-10,73235,75583.57032917424,73291.9604549554,63152.325962275434,88014.81469607305
2025-06-11,70733,73702.78461340134,72514.93923327271,61180.357981114386,86225.21124568829
2025-06-12,73440,77556.81839717485,72780.53725474651,64986.8005683546,90126.8362259951
2025-06-13,73842,76664.73441160229,71910.5123697906,64070.93963663649,89258.52918656809
2025-06-14,66062,66818.28472557591,66763.56322253798,54212.440029053556,79424.12942209827
2025-06-15,68191,66805.40602843216,66829.81831415211,54193.342162915396,79417.46989394893
2025-06-16,79094,78875.6708465211,76332.21885885966,66260.31979367933,91491.02189936287
2025-06-17,76928,78163.2036830836,78277.60719507701,65546.06081663925,90780.34654952795
2025-06-18,76769,77027.4209767181,76069.23230398282,64320.25201176655,89734.58994166966
2025-06-19,80132,81218.8139747332,78581.03744228175,68464.61501888656,93973.01293057985
2025-06-20,81637,80588.80013176965,78541.64291194871,67811.0765768271,93366.5236867122
2025-06-21,67111,66386.60297869322,68873.97997293685,53596.93861446764,79176.2673429188
2025-06-22,63748,64064.953877610664,65473.21408174757,51269.11372462582,76860.79403059551
2025-06-23,77000,79499.45530702942,76460.95478110522,66700.34188206925,92298.5687319896
2025-06-24,77050,78212.74108855672,76020.64495502082,65411.837116224924,91013.64506088852
2025-06-25,73192,74701.06189802427,74070.24760085814,61811.23986060744,87590.8839354411
2025-06-26,74223,77169.14469730269,74055.76191288169,64232.830213680936,90105.45918092444
2025-06-27,76223,79111.72157289929,76584.59778390016,66152.12380907015,92071.31933672843
2025-06-28,71638,69792.02124310791,68992.5685494665,56820.58666388237,82763.45582233346
2025-06-29,72284,69744.50851385592,71504.55570024572,56766.93917802719,82722.07784968466
2025-06-30,85599,83779.78754742608,82871.5394216391,70798.95779613726,96760.6172987149
2025-07-01,89209,83761.33908455519,84947.27210320209,70778.71958348401,96743.95858562637
2025-07-02,89069,83124.27498463259,86917.56617955881,70053.8004971238,96194.74947214138
2025-07-03,89103,85063.66772117277,87223.01640430657,71947.21622434446,98180.11921800107
2025-07-04,84920,84344.20413521948,86560.08808756241,71204.70037345763,97483.70789698133
2025-07-05,77901,73563.18709330678,75932.54882954084,60411.94572969918,86714.4284569144
2025-07-06,78705,73215.78957938905,76971.47554277732,60058.45229958027,86373.12685919783
2025-07-07,93374,87124.32309557979,89060.22048965248,73963.73726904657,100284.90892211301
2025-07-08,95675,87744.67080804243,93258.61695807529,74582.29559211989,100907.04602396497
2025-07-09,92685,86361.2196339556,92499.36284715946,73112.01044883377,99610.42881907742
2025-07-10,90717,86639.90690664882,89564.93245476506,73345.21545614702,99934.59835715061
2025-07-11,87206,85610.38867541352,87393.29892125544,72292.86633181963,98927.9110190074
2025-07-12,77144,73616.19385087208,77226.59407426324,60287.02864662875,86945.3590551154
2025-07-13,71975,71103.13122407734,74739.44961459542,57767.90689464765,84438.35555350703
2025-07-14,80116,82026.73088061402,81824.43334008148,68688.26895008901,95365.19281113903
2025-07-15,78825,80301.58328784736,80621.3957922601,66961.33191973071,93641.834655964
2025-07-16,82918,78886.80621621596,78400.82400190816,65460.70247484578,92312.90995758615
2025-07-17,82505,80830.454513276,82542.49659772676,67359.34384950322,94301.56517704877
2025-07-18,81588,80899.72692657041,80969.25800610892,67405.99770108146,94393.45615205936
2025-07-19,70401,68900.08905818994,71832.03312633415,55394.80752214511,82405.37059423479
2025-07-20,73579,69979.1812945756,71355.44843595756,56467.87550493378,83490.48708421741
2025-07-21,86584,83886.99867915966,85107.4800092046,70372.4653699491,97401.53198837022
2025-07-22,88890,83751.99531370979,86783.03680589715,70235.6721361857,97268.31849123388
2025-07-23,89515,82713.00230981503,88185.0788044941,69111.77134833089,96314.23327129916
2025-07-24,91379,85438.99871139713,89007.44565309116,71793.21795199701,99084.77947079725
2025-07-25,90528,87199.51748494098,90476.277586235,73531.32200668954,100867.71296319242
2025-07-26,82821,76959.40962913624,81321.515646877,63279.748456738926,90639.07080153355
2025-07-27,82696,76395.3536408629,81552.78403266943,62709.70128593683,90081.00599578898
2025-07-28,90985,89249.0354463367,92795.95544143613,75560.16484321898,102937.90604945441
2025-07-29,90991,88633.74421254081,91566.49207254933,74943.08295169569,102324.40547338594
2025-07-30,87806,87347.34575781705,91125.19532541504,73572.6865089579,101122.0050066762
2025-07-31,86203,89306.46914130214,89031.52254544693,75487.70008511214,103125.23819749213
2025-08-01,85678,88817.11811166751,85695.73516412952,74976.13019732336,102658.10602601166
2025-08-02,80532,77429.98620390576,77737.02771374513,63577.615514252786,91282.35689355874
2025-08-03,76329,74228.98454121187,77782.85374744961,60370.65404859727,88087.31503382648
2025-08-04,86074,86918.54037616702,86946.5130345283,73057.00014602866,100780.08060630538
2025-08-05,87891,86053.51134739461,86992.77809448249,72190.17933324327,99916.84336154595
2025-08-06,87801,84105.90047816272,86581.63203098062,70159.44751162185,98052.35344470358
2025-08-07,87053,85155.6518648366,86367.7826368511,71165.51294451224,99145.79078516096
2025-08-08,84820,83627.44451922723,84044.37889697963,69615.27508472987,97639.61395372458
2025-08-09,72350,70595.26759097837,74701.05555721976,56571.794819443356,84618.74036251339
2025-08-10,73104,69700.2319774446,71784.57514809637,55670.829191175086,83729.6347637141
2025-08-11,85071,82734.13952721684,83512.1245314878,68701.5347987797,96766.74425565399
2025-08-12,85223,81787.86822497887,85259.18515881425,67753.47026939483,95822.2661805629
2025-08-13,85279,81646.41764770132,85633.04812368123,67529.7448862053,95763.09040919735
2025-08-14,84685,83471.63697220932,84865.41959886569,69311.68689147603,97631.58705294262
2025-08-15,80573,78096.75259191563,78244.81866433578,63914.95325297143,92278.55193085985
2025-08-16,78156,72745.0416844974,77064.62198957382,58552.01516605748,86938.06820293731
2025-08-17,78493,72096.10058055032,77192.17261768803,57897.17233646369,86295.02882463695
2025-08-18,91911,86197.35184320268,89531.5451432998,71995.22877875909,100399.47490764626
2025-08-19,93346,85541.7379681871,91369.46917498765,71337.8199350248,99745.65600134939
2025-08-20,93164,84250.67290907717,91206.45916623111,69965.29705283431,98536.04876532003
2025-08-21,94599,86603.52446912516,91666.29907449214,72275.26555622055,100931.78338202977
2025-08-22,93253,87112.88682899336,92702.0581954369,72762.95322140012,101462.8204365866
2025-08-23,83469,75947.52123947717,83154.46708237978,61586.433513567106,90308.60896538722
2025-08-24,83069,75522.18782349827,82427.13977710086,61155.22524692008,89889.15040007647
2025-08-25,95951,88741.35009030235,93517.40633839682,74371.1991801296,103111.50100047511
2025-08-26,91434,85212.58438284838,92662.75363330741,70840.63648090651,99584.53228479024
2025-08-27,88503,82776.51822328349,89136.17238308156,68323.90191151877,97229.13453504822
2025-08-28,91396,85632.3612712534,89266.99736906137,71137.2425763495,100127.47996615729
2025-08-29,91742,86484.75129349537,90632.553530615,71968.12614065451,101001.37644633623
2025-08-30,81144,74725.71356956725,81404.94385172405,60198.00443362002,89253.42270551447
2025-08-31,78152,72702.93912437548,78987.0753317897,58169.3806771857,87236.49757156527
2025-09-01,89532,84900.17844034683,88829.18610101445,70363.43754682344,99436.91933387023
2025-09-02,87098,82657.52027817727,87904.00189009971,68118.98010400645,97196.06045234809
2025-09-03,88533,81979.53799043715,86884.4900963175,67361.09272535132,96597.98325552298
2025-09-04,88135,83799.34693698984,88603.12185506728,69138.76709813326,98459.92677584641
2025-09-05,88196,83997.3353126673,87409.87528690668,69315.41126445022,98679.25936088439
2025-09-06,77341,72618.74498699188,78482.64210192297,57925.80432265918,87311.68565132457
2025-09-07,73125,70071.89451804083,74906.50446204294,55373.12881903625,84770.66021704543
2025-09-08,83765,81265.85134201963,83650.6548864835,66563.90851731945,95967.7941667198
2025-09-09,80100,78798.79863413749,82347.76082558346,64095.05398855147,93502.54327972351
2025-09-10,80012,77581.65060238974,80743.00781157007,62798.739457961594,92364.56174681788
2025-09-11,81243,80034.71304931592,81748.77466421845,65210.022948612306,94859.40315001954
2025-09-12,80265,79488.78171591616,80918.80531715689,64642.90398028979,94334.65945154254
2025-09-13,70110,68471.16397656927,71606.31516387576,53614.33436987663,83327.99358326191
2025-09-14,69712,67149.96623434236,69334.61394091675,52287.334674079604,82012.59779460511
2025-09-15,82311,81180.86273952966,83278.31396958962,66315.05883804642,96046.66664101291
2025-09-16,84004,80701.51579302426,82655.07843719561,65833.90729245308,95569.12429359544
2025-09-17,84378,78375.80924830768,82759.30267951294,63429.74938382857,93321.86911278678
2025-09-18,77178,77625.60768876558,81742.09770260275,62638.11291809588,92613.10245943528
2025-09-19,75214,75700.45683577159,75684.37216233948,60691.92562219142,90708.98804935176
2025-09-20,65418,64727.826578368855,66583.71738113726,49708.40575268321,79747.2474040545
2025-09-21,64083,62806.13895181227,64472.181879364885,47780.938120748535,77831.33978287599
2025-09-22,73830,75852.75521796,76765.63484760093,60824.386322251354,90881.12411366864
2025-09-23,74796,75584.06732377979,75718.67006240865,60553.89082524153,90614.24382231805
2025-09-24,79128,75339.90339369036,77303.94962748709,60231.968389720445,90447.83839766028
2025-09-25,77812,77080.02042335579,78388.03176549952,61930.983576790066,92229.05726992151
2025-09-26,74644,75660.61276809263,76406.07063134239,60490.685559585385,90830.53997659987
2025-09-27,66185,64987.47378924841,66143.92508942034,49806.716867866424,80168.23071063039
2025-09-28,64199,63167.64817370303,65090.9287526665,47981.13212038993,78354.16422701614
2025-09-29,73653,74764.21973851603,74681.62705271193,59574.53941549862,89953.90006153344
2025-09-30,73444,73291.97021791333,73799.64599213317,58100.47907432477,88483.46136150189
2025-10-01,73111,71973.25102242823,75082.98885173064,56704.673054946135,87241.82898991033
2025-10-02,70696,74679.98142154723,73996.87419281113,59370.62422976983,89989.33861332462
2025-10-03,63924,68249.38224326941,65157.78961238693,52919.27591230667,83579.48857423216
2025-10-04,60603,64056.30172869541,62942.87095948168,48715.42334205458,79397.18011533625
2025-10-05,56927,57495.45130960628,55880.15506589312,42148.83364389256,72842.06897532
2025-10-06,53033,68450.19144967818,67057.05815408591,53100.412852007976,83799.9700473484
2025-10-07,56492,67757.43070388642,57918.4513764025,52405.837864637695,83109.02354313515
2025-10-08,59071,67518.8140995308,62047.27038211947,52090.78596637143,82946.84223269018
2025-10-09,61180,68681.29819898357,60358.43409656055,53212.80351942358,84149.79287854357
2025-10-10,66232,72872.9862757214,67082.11016026007,57383.87905739146,88362.09349405134
2025-10-11,64027,63576.26904236891,60183.381692619165,48076.44529330151,79076.09279143631
2025-10-12,62650,60953.03743228096,62489.270433850455,45447.49328690377,76458.58157765814
2025-10-13,73176,72535.1554489615,68759.3805508837,57026.45327496049,88043.85762296249
2025-10-14,72660,71425.6619929786,72697.90847084273,55915.14196312452,86936.18202283267
2025-10-15,73212,71059.17335037576,73515.54585206433,55472.85036258051,86645.49633817101
2025-10-16,72937,73160.35512536977,72564.36830919585,57533.8688003088,88786.84145043073
2025-10-17,71620,72568.63937944475,71631.73037694361,56921.67271403125,88215.60604485824
2025-10-18,61543,59988.67318872811,61710.96726326047,44331.04348779,75646.30288966623
2025-10-19,60162,58513.279410136114,60780.914476866805,42849.947272697,74176.61154757523
2025-10-20,69493,72935.11104945552,70639.96003643886,57268.62337356493,88601.5987253461
2025-10-21,70431,72855.1924652833,71211.40407366537,57186.883135324075,88523.50179524253
2025-10-22,69634,70348.16306118196,70213.47516308707,54604.66481059306,86091.66131177085
2025-10-23,69621,71504.97382977545,68994.65986079608,55721.60642345452,87288.34123609638
2025-10-24,68362,71081.27829472645,69008.41799744779,55277.55855057099,86884.99803888191
2025-10-25,60537,59930.290480811345,60281.07204264099,44115.959262495344,75744.62169912734
2025-10-26,60017,59842.333064234466,61276.456190442834,44022.31649033872,75662.34963813021
2025-10-27,70932,73471.90106914326,69725.49908020174,57648.73105366713,89295.0710846194
2025-10-28,71448,73072.0248481723,71879.77726198481,57247.02920518128,88897.02049116332
2025-10-29,70693,71272.43187701039,71541.24428736037,55372.843890301956,87172.01986371882
2025-10-30,71052,73203.62806964271,70946.29263936338,57264.45649428695,89142.79964499848
2025-10-31,68971,72371.98786519028,69921.88562883678,56412.58795163066,88331.38777874991
2025-11-01,60385,60832.24060645091,60769.90795741996,44862.278936016926,76802.2022768849
2025-11-02,60384,61117.256989218346,61459.394142814584,45141.626206482004,77092.88777195469
2025-11-03,71072,75009.97056803414,70988.09116157894,59031.188065865215,90988.75307020306
2025-11-04,70465,73278.55738032672,70987.48681825845,57297.945110111286,89259.16965054214
2025-11-05,69436,71408.050805196,70614.02239070156,55353.42609352803,87462.67551686398
2025-11-06,70055,73201.86642836007,69977.33232285581,57107.935468065574,89295.79738865457
2025-11-07,67814,72460.02192867019,69058.46313325057,56345.98280788554,88574.06104945485
2025-11-08,59993,61431.05280163974,60373.240832688876,45306.49988134013,77555.60572193934
2025-11-09,59258,59748.31335823626,59117.062038009164,43618.10676991486,75878.51994655766
2025-11-10,70285,73610.32535643184,69776.74614892897,57476.968413502516,89743.68229936117
2025-11-11,70873,73356.18739793342,71360.95512795156,57220.99638696686,89491.37840889998
2025-11-12,70050,72052.24052579544,71168.54425896051,55843.60103838596,88260.88001320491
2025-11-13,69937,73674.68031462184,70441.2263818867,57427.00405518503,89922.35657405866
2025-11-14,68713,73751.34609293127,69591.28033990807,57483.67819867471,90019.01398718783
2025-11-15,60524,62384.34773058242,60952.04178435312,46106.2123132165,78662.48314794834
2025-11-16,60424,60930.5613723237,60061.964575182836,44646.7869684749,77214.33577617249
2025-11-17,74529,75885.56416758068,72186.43516468056,59598.64043294117,92172.4879022202
2025-11-18,76163,76148.47579222091,75439.8047509484,59859.71353724291,92437.23804719892
2025-11-19,75238,74789.04991698233,75376.15966589662,58427.38790610228,91150.71192786237
2025-11-20,73692,75690.76883493003,74035.31288167764,59290.33200693318,92091.20566292688
2025-11-21,72132,75238.41505307055,72066.60494787068,58818.099623514005,91658.7304826271
2025-11-22,62085,63570.64036607892,63386.51934904,47139.90208305967,80001.37864909817
2025-11-23,61211,62577.07485153899,62047.310814181954,46140.71153488288,79013.4381681951
2025-11-24,71960,74985.84608358497,71314.98394251996,58546.334134263685,91425.35803290625
2025-11-25,75196,75686.50598637016,74005.04564547785,59245.15091880705,92127.86105393327
2025-11-26,73232,73943.0205997346,74176.06626587729,57429.299903926534,90456.74129554268
2025-11-27,75945,76617.2027549415,74046.99753144229,60064.96199672586,93169.44351315715
2025-11-28,73549,76329.32850746565,74165.13779499031,59757.31883870902,92901.33817622227
2025-11-29,62479,64290.06866347245,63958.649652744025,47707.67927392063,80872.45805302427
2025-11-30,60401,61662.47858686797,60649.18815652058,45074.477419842966,78250.47975389297
2025-12-01,74406,75920.66364771682,72464.50762920802,59329.51423485308,92511.81306058056
2025-12-02,78345,76720.89137030859,76445.85380897297,60127.894101999875,93313.8886386173
2025-12-03,82657,77668.18118984635,79133.32147179986,61003.33844154157,94333.02393815113
2025-12-04,82146,79440.33630005212,81478.78595812232,62737.22134660141,96143.45125350283
2025-12-05,80983,79041.72277659176,79041.64444741257,62318.945402788726,95764.5001503948
2025-12-06,66892,66806.49469412134,69426.52472215774,50073.37926090615,83539.61012733653
2025-12-07,63867,64264.06788652395,64487.86409434422,47525.35326544219,81002.78250760572
2025-12-08,78886,77879.92913097248,75552.64422588708,61138.06635311822,94621.79190882674
2025-12-09,79694,78057.58394524179,80095.79441048183,61313.868441366576,94801.299449117
2025-12-10,78779,76050.5983255148,78501.72747323167,59235.54408866387,92865.65256236574
2025-12-11,78517,77544.81893347063,78110.76105846744,60691.73373668427,94397.90413025698
2025-12-12,78812,77679.93259348409,77031.50609985042,60807.288399000405,94552.57678796777
2025-12-13,67247,66958.4754909077,68337.57186154142,50075.533489020425,83841.41749279498
2025-12-14,66818,66385.48604231709,66597.99803296766,49496.956803991954,83274.01528064223
2025-12-15,81217,79585.92250249181,78755.90126764764,62694.24491144895,96477.60009353468
2025-12-16,82243,78028.14551269825,80351.19740961741,61134.610197265356,94921.68082813114
2025-12-17,77799,75796.5615202953,80101.37294461163,58832.18136312603,92760.94167746458
2025-12-18,79780,78255.8983999579,78360.87432535613,61253.72218530672,95258.0746146091
2025-12-19,81098,77483.23138462918,77710.15078836333,60461.596653169894,94504.86611608847
2025-12-20,64243,65349.54182760352,68248.93150210216,48317.64818977397,82381.43546543307
2025-12-21,66522,65645.29652886691,64891.75973302537,48607.8269946102,82682.76606312362
2025-12-22,81177,79216.36272293565,79358.15338547113,62175.74436702071,96256.9810788506
2025-12-23,82812,78468.71827263055,81564.44620874694,61426.23707142145,95511.19947383965
2025-12-24,82180,76885.11542749725,80619.81175858913,59772.27093506552,93997.95991992898
2025-12-25,72089,73973.0956002087,76837.61284437045,56822.683864329425,91123.50733608799
2025-12-26,82377,81194.60472855973,79841.99391830967,64024.83213377054,98364.37732334892
2025-12-27,69190,69238.45606829901,69335.50770548506,52058.46217233632,86418.4499642617
2025-12-28,65599,66847.6330579909,67350.21568653994,49662.074019450214,84033.19209653158
2025-12-29,79283,78960.10527302242,78020.60961876874,61771.39668222415,96148.81386382069
2025-12-30,79693,78687.19241115775,80955.48698974073,61496.61573658584,95877.76908572967
2025-12-31,79488,78915.17274587745,80763.1887920774,61654.70247667337,96175.64301508154
