tm,actual,pred,ci_low,ci_high,rolling
2025-01-01,64403,68647.03138177523,65092.70478103887,72395.43868060515,68647.03138177523
2025-01-02,77832,77713.34029523416,72803.91485676437,82953.82565243653,74281.79667814267
2025-01-03,80523,77987.82474505759,72679.79520630173,83683.51604736588,78119.42741327867
2025-01-04,68094,67905.53687354599,63126.45630629805,73046.42471471133,69476.36757028925
2025-01-05,67984,67820.29442355523,62968.98460262211,73045.36296280348,67950.70530897885
2025-01-06,83402,80103.23224374102,74325.47363000887,86330.13020322069,80255.45516780241
2025-01-07,84067,81071.53840006751,75197.8788780851,87403.98581201296,83449.82876857255
2025-01-08,85705,81706.2865280181,75695.64255777404,88194.2081818416,83039.1206141189
2025-01-09,90705,86690.01480547033,80261.17625838167,93633.79677840014,90342.4932250767
2025-01-10,89452,84933.31444371615,78607.11025411938,91768.64381701569,88136.42928056716
2025-01-11,72458,73524.94662188753,68034.7463246863,79458.18964257505,76079.87343133155
2025-01-12,70172,71652.51749853247,66293.99963695424,77444.16224685911,70943.51371731506
2025-01-13,85286,83551.47528169448,77296.9614903204,90312.07549628957,82872.39522611756
2025-01-14,83831,82057.02336259617,75910.2155848376,88701.5671244462,83430.01581196324
2025-01-15,83464,83194.8666289977,76951.31147141181,89945.00159998024,84692.16821767767
2025-01-16,85908,83673.89178764673,77386.9327086639,90471.6070508759,84141.96011753862
2025-01-17,82514,80620.11748104596,74557.74155061039,87175.43218829489,82504.69595051755
2025-01-18,68811,69776.0288577208,64526.041782515305,75453.1669486778,70400.12055837363
2025-01-19,66566,67926.77090873895,62813.62769308477,73456.13325555898,67196.1857179956
2025-01-20,82082,79773.55372522576,73766.44602671395,86269.84512235918,79186.89121728389
2025-01-21,81666,80824.72874784833,74736.5456423483,87408.86698758049,82650.22688873355
2025-01-22,80777,79361.50089986184,73377.87892959252,85833.05918561724,79784.26243772189
2025-01-23,80756,79579.73244924772,73575.5882915594,86073.84546621921,81036.89444387957
2025-01-24,79724,77456.13242290914,71609.22011530802,83780.44671139664,78456.4124394232
2025-01-25,65421,67295.71668453355,62213.69803080133,72792.86760679119,68328.49315791021
2025-01-26,64019,66245.80001333164,61241.33620904225,71659.2140384809,64858.15825618343
2025-01-27,64099,73558.22073675017,67999.65219082397,79571.16931675439,72442.19982294054
2025-01-28,61947,75611.83657537404,69896.49252895071,81794.51676967999,68539.23711685652
2025-01-29,59700,75271.7943003748,69577.29157658006,81432.35944966097,65448.381289225705
2025-01-30,63215,75561.14148370898,69841.15950212597,81749.58925398841,64290.41589997042
2025-01-31,71507,80950.90109221028,74819.94037945381,87584.25032694003,71659.91824922209
2025-02-01,66483,70211.39771032418,64891.700248576446,75967.19379448621,63696.45117049217
2025-02-02,65573,68730.17631966657,63520.928828569624,74366.62567830447,65922.5945502324
2025-02-03,82182,82165.68906599261,75936.2274665295,88906.18726964167,78207.05567804228
2025-02-04,86322,86387.7749443079,79836.37104291668,93476.7896178131,84986.42182823579
2025-02-05,86996,86029.81294303827,79499.98257469744,93095.97908477683,84614.72915553079
2025-02-06,86315,85987.43189499035,79456.693282718,93054.94777623448,86503.48706571206
2025-02-07,90638,86381.83344919373,79817.91482948455,93485.5435146981,86642.2671102079
2025-02-08,73299,75786.25019119671,70025.13061002086,82021.34959275235,78485.54182681158
2025-02-09,70270,73597.84705717064,68001.13105292662,79655.19113549452,71625.85510580876
2025-02-10,84699,85860.72775707676,79329.4403190519,92929.74387976821,83431.84609290102
2025-02-11,83362,83645.69651015208,77281.06057243237,90534.50473950006,82594.10242796937
2025-02-12,89324,83993.9994896685,77597.32660045094,90917.97693748685,83633.65767592448
2025-02-13,81305,82384.42974489348,76106.29961360471,89180.45285147481,86036.47079839381
2025-02-14,78786,79454.85415674088,73396.93187435303,86012.77584567445,79258.56044343948
2025-02-15,66243,69787.56145406164,64464.50091523303,75550.16582085368,68447.67364998245
2025-02-16,64423,67002.27674000639,61889.82912275115,72537.04125504041,64231.29636629328
2025-02-17,78114,78670.90646511933,72666.17431472208,85171.83658572829,76720.99674003145
2025-02-18,79075,80608.81999052034,74454.3340630927,87272.0432199136,80047.43121755168
2025-02-19,79643,80915.00576770352,74731.71147717223,87609.90520587013,80318.33130071888
2025-02-20,79895,81882.80807021349,75621.45585628625,88662.59160899324,80279.79055682113
2025-02-21,80061,80643.16765563094,74473.44062978939,87324.02363229707,79360.21869144856
2025-02-22,67988,70629.90714451867,65223.961236230934,76483.91310020965,69453.07593976235
2025-02-23,68283,70591.76482414389,65186.74401125932,76444.94807297815,68510.00557441488
2025-02-24,78296,81996.29600491244,75715.97394812929,88797.5444010165,80328.2066161225
2025-02-25,77625,81556.62288896486,75308.0519787079,88323.65945322052,78518.42454848981
2025-02-26,75917,78875.93402692823,72827.35521413207,85426.86948232162,75969.22317805642
2025-02-27,75932,78291.60513793307,72283.82732563496,84798.7117154243,75947.04449363834
2025-02-28,73438,76182.0584455551,70333.09082625342,82517.43184924283,74731.07549427586
2025-03-01,63248,60820.61982532886,56149.00934503953,65880.90937109268,58613.46091707439
2025-03-02,61922,64702.666461507244,59730.99315505391,70088.1540067752,66289.0430890341
2025-03-03,67656,70614.91740192394,65187.09792970346,76494.6855750175,68173.85463880945
2025-03-04,85127,78608.27710921134,72564.1293747542,85155.86534727152,75800.79101974594
2025-03-05,80532,76944.83434602215,71023.23129423604,83360.15448254147,81200.39616624196
2025-03-06,75167,76927.82526692157,71003.50740262496,83346.45029210535,79231.24680565497
2025-03-07,74255,75356.1403033337,69549.74965407913,81647.27996375559,74012.03347842924
2025-03-08,63786,65865.69236254388,60788.300282449505,71367.17773386733,65421.50124522734
2025-03-09,62382,64649.211349432,59663.65488497446,70051.36604791014,62338.05412283551
2025-03-10,72266,75241.5824799035,69437.13281552882,81531.2427879228,73209.4236764717
2025-03-11,71531,74713.42353661662,68947.8344245199,80961.14552622846,73557.56397122794
2025-03-12,71900,74990.7329903799,69198.429992362,81267.88476350081,72413.57920133362
2025-03-13,71956,74108.55909842812,68380.43649393047,80316.51760708922,71206.08983651127
2025-03-14,68297,71124.21433632243,65623.75503900585,77085.7117510624,69717.82153736052
2025-03-15,61990,63014.77450042362,58139.23991258885,68299.16956790883,60710.21509931818
2025-03-16,64455,63991.74513133122,59038.64493465357,69360.39012219381,62851.633656571
2025-03-17,74273,74830.6015164729,69036.45734793184,81111.0410126644,74964.167011726
2025-03-18,79892,77885.85297957131,71853.11263273474,84425.09826069475,77150.30335353379
2025-03-19,74254,76231.51268282953,70321.41412468173,82638.32003732052,77262.84348811899
2025-03-20,71832,75406.5939771268,69556.33748843256,81748.90485251443,73766.13519515321
2025-03-21,68159,72526.75209108551,66896.7812771898,78630.53600570398,69893.75201288048
2025-03-22,60131,62517.19519554818,57661.959614750784,67781.24991295727,59608.93969222539
2025-03-23,59671,60770.376754508135,56048.872587780046,65889.61597935925,59016.46343394951
2025-03-24,68066,70955.54626580935,65440.668753978935,76935.17871596156,69813.69862397823
2025-03-25,68612,71200.57626545863,65664.74188180226,77203.10649600394,69299.19056671721
2025-03-26,67221,68862.70888541886,63503.591839516135,74674.08594811347,66411.91592236512
2025-03-27,69183,70897.67997677672,65376.24912919803,76885.43000006012,69154.35350210126
2025-03-28,67840,70489.89605209602,64997.098759011715,76446.88055782468,68961.12392891188
2025-03-29,62150,63098.375043290864,58179.199907145245,68433.47690339787,61111.12650058184
2025-03-30,61624,62604.87875429183,57722.1317618368,67900.66001046219,61744.81378702224
2025-03-31,69168,72894.7275282896,67207.28008599934,79063.4778646625,71624.09537818943
2025-04-01,69182,73089.54024709712,67384.86896157291,79277.15785243153,70207.1398819517
2025-04-02,69045,73789.41452246293,68024.6130239219,80042.75884161354,70687.38723516466
2025-04-03,68704,74561.61940638714,68732.2561895657,80885.38623219107,70759.57058477902
2025-04-04,66311,72571.91350253786,66894.81849282197,78730.80080163412,68186.36546921263
2025-04-05,60778,64896.2483277528,59817.121482806986,70406.64850828472,60646.96116466458
2025-04-06,58920,61460.518972916165,56648.22765503861,66681.61650921847,58355.84258824738
2025-04-07,67482,70701.69612774842,65163.67121624657,76710.37776174581,67983.52346978759
2025-04-08,67166,71019.29566997536,65454.36707210529,77057.35435350153,68349.04402097117
2025-04-09,67503,71184.17080937292,65600.92416358493,77242.60349110716,67797.74909059638
2025-04-10,67051,71097.14703907214,65516.60990371407,77153.0200436835,67777.96789521968
2025-04-11,64924,68812.23004214445,63407.84931617546,74677.23719443468,65536.83486734473
2025-04-12,58924,61540.70168021385,56705.004817359375,66788.77773648764,58688.26351376636
2025-04-13,59804,61755.585241801564,56900.87461072897,67024.49364176056,59601.160075495936
2025-04-14,71667,74446.94217405375,68592.20386441318,80801.41600381452,72265.20095426249
2025-04-15,68752,72685.29653340766,66966.96424212951,78891.91920134443,70265.84684398133
2025-04-16,67535,70422.6299657227,64876.87897220802,76442.43819764498,67159.38151499975
2025-04-17,67939,71782.64656630384,66125.55867763924,77923.70228858764,69054.02180430098
2025-04-18,66383,69792.95137959027,64289.36073762148,75767.6854519314,66725.08462542786
2025-04-19,60286,61144.50028400884,56320.44044107025,66381.75919261528,58623.30898478884
2025-04-20,58683,59236.00610656051,54560.42305298584,64312.26561511143,58313.254816738314
2025-04-21,67710,68839.17341933429,63403.37575982684,74741.00140989278,67874.48099636586
2025-04-22,69713,70022.77636627802,64491.40039222415,76028.57404586567,68618.97715088993
2025-04-23,67083,67894.84937239953,62526.2493832598,73724.40561795447,67231.34242456954
2025-04-24,66740,68570.46546548419,63144.31954752874,74462.89338210435,67282.54453598599
2025-04-25,64865,67336.21850341027,62004.48088401875,73126.4298594856,65693.40657126915
2025-04-26,57963,58887.07394588646,54221.92926237386,63953.598204308604,57172.17715809017
2025-04-27,57477,57927.453671062685,53336.22937333748,62913.894143603575,56977.968805679884
2025-04-28,66068,67968.07633936855,62578.796093424135,73821.48091148194,67138.65083910958
2025-04-29,66232,68839.060194285,63378.57870176435,74769.99808928302,67230.87131987936
2025-04-30,65333,67558.61321781277,62194.32554136066,73385.57304361717,65240.32265549952
2025-05-01,61111,70988.99704013133,65347.98174587084,77116.96009773407,68660.61914496301
2025-05-02,61909,68115.85625500456,62699.781444508255,73999.77745470805,60821.60370294285
2025-05-03,57168,61643.964931766095,56739.89759134737,66971.89409605651,57393.03648857962
2025-05-04,55754,58566.72746502026,53905.289324990146,63631.26158701098,55239.89649261701
2025-05-05,57374,64221.99892571594,59108.2598148387,69778.15213871755,61454.55333828257
2025-05-06,59717,64458.61776046842,59323.978544205864,70037.67288625288,59037.73543756411
2025-05-07,65492,69563.56091421194,64016.653203922644,75591.09645501987,65396.40081867348
2025-05-08,66515,69358.94845101822,63824.030167018966,75373.86338095758,64683.89011250405
2025-05-09,69578,70214.98125277447,64608.20581188031,76308.31920456926,67923.74359513856
2025-05-10,59775,61438.941841519154,56530.30594764932,66773.80409193657,60578.53304263289
2025-05-11,58905,59376.74989395733,54630.607490070484,64535.22283475184,57892.888281204694
2025-05-12,67736,68000.90349459578,62563.03322941333,73911.42400537171,66372.89823539095
2025-05-13,68714,68957.16891157418,63440.56589194073,74953.47933054052,68412.2899230436
2025-05-14,68653,69025.95521808039,63498.188767576605,75034.9354248247,68283.0097918405
2025-05-15,69998,71115.68230440807,65416.050261814395,77311.91732579583,70108.70119696471
2025-05-16,72857,70364.3473453825,64721.30671829407,76499.40380363415,69454.10878261963
2025-05-17,61203,59691.55170183613,54901.81834037608,64899.15001508434,60612.17608897417
2025-05-18,58594,57582.2713890368,52959.54041851059,62608.51117888036,58363.58015581951
2025-05-19,68353,68220.62518770604,62741.39755759288,74178.35563400268,68535.75437005094
2025-05-20,72893,73392.61657976804,67495.52193736722,79804.94133260056,73107.52817211406
2025-05-21,74239,74476.55880072771,68486.17104262723,80990.91723708477,73581.10528247114
2025-05-22,71622,71975.32812187907,66181.47226740104,78276.40698775879,70986.88089632319
2025-05-23,67177,68675.39474119282,63143.56732383466,74691.84974410529,68650.1331683951
2025-05-24,58828,60533.27221454178,55654.57619168779,65839.63612226893,59226.06369048571
2025-05-25,58337,58045.432022830355,53364.92303768155,63136.45718814097,56595.22556742886
2025-05-26,68026,68293.08573409056,62783.74588268859,74285.87596220247,67937.11833161794
2025-05-27,69448,69210.03074028666,63624.327668335296,75286.11351370456,68600.89201324258
2025-05-28,68575,68929.43760500471,63360.559703086736,74987.7745841751,68665.91514718308
2025-05-29,69244,69290.2930834463,63687.707492730864,75385.73618995275,68343.29444532542
2025-05-30,67178,67928.99095080417,62432.8358659646,73908.98951796547,67524.37226558519
2025-05-31,59788,59585.71928166972,54761.88592076852,64834.47168804372,58653.70872278836
2025-06-01,60283,59377.56419091685,54568.152640154374,64610.85740791677,59467.0987331524
2025-06-02,69209,70003.90332084084,64331.15458803946,76176.87746373429,70169.42629983665
2025-06-03,62134,63503.32828670498,58355.10207750632,69105.74328415864,62756.257181621484
2025-06-04,68127,68896.23235067366,63304.901295829295,74981.41115387437,67351.38627002382
2025-06-05,68191,70387.0126272972,64669.99189174577,76609.43509763523,69225.9495746126
2025-06-06,63003,64860.15452984435,59588.49745993562,70598.18295408037,63136.511748476536
2025-06-07,61690,63080.531063798546,57950.56017276882,68664.62355890515,61546.59540594253
2025-06-08,63953,63700.52589127926,58517.46853984715,69342.66126126821,62574.47188736911
2025-06-09,74569,74161.8311549937,68124.72148861966,80733.94033883243,73602.14715143593
2025-06-10,73235,73452.68618492736,67470.6370327882,79965.11290029032,73267.65503893295
2025-06-11,70733,72310.41528609757,66415.11291334184,78729.01105611917,71762.87894965486
2025-06-12,73440,75226.30540828627,69088.16614456197,81909.7877564114,73133.49664770375
2025-06-13,73842,73221.69360080137,67243.04717606684,79731.90744511462,71708.88516775487
2025-06-14,66062,65513.42440709767,60161.033457404985,71342.00546244462,65543.03053124351
2025-06-15,68191,65493.7224267353,60140.13899139503,71323.8736931418,65838.98287444317
2025-06-16,79094,75471.86443096238,69299.67197029664,82193.78474297823,77135.91911736307
2025-06-17,76928,76251.94713566575,70013.12236151563,83046.70961477308,78405.02526282985
2025-06-18,76769,76120.72421193645,69885.93291701154,82911.74507794589,75928.29290344306
2025-06-19,80132,80128.02195974,73559.47368797705,87283.1136668393,79804.24955031724
2025-06-20,81637,77715.16634558371,71340.00852799905,84660.02744801115,77818.2653486653
2025-06-21,67111,65089.55133175349,59746.924435646855,70909.92101413102,67109.758864565
2025-06-22,63748,62510.710997946255,57377.025380637235,68103.72206551222,64039.74131803844
2025-06-23,77000,75991.22467326518,69747.3875077265,82794.01471062927,76766.81616522628
2025-06-24,77050,76323.40556250533,70049.3683478943,83159.38279026293,76472.73146494417
2025-06-25,73192,73665.8927895745,67603.73720887171,80271.65338091602,73801.15393142516
2025-06-26,74223,74882.06302637208,68714.5725151265,81603.11790997739,73858.10732250304
2025-06-27,76223,76036.52603080602,69769.56259512814,82866.4115953216,76019.8782886189
2025-06-28,71638,69034.22714631933,63340.95827237798,75239.22352415485,68821.832535463
2025-06-29,72284,69058.16201075008,63359.83532484537,75268.97309395183,70782.70594941087
2025-06-30,85599,82398.6556227788,75596.14047323365,89813.29477852468,84622.71853416064
2025-07-01,89209,84359.77207053713,77392.06747973479,91954.7878166772,86337.36944936085
2025-07-02,89069,84929.23551251071,77906.81522385906,92584.64774889847,87771.90276573114
2025-07-03,89103,85435.45595198663,78365.09107600442,93143.73317890377,87618.64077710066
2025-07-04,84920,82714.6703721029,75864.61026963564,90183.24447260746,85330.22145686211
2025-07-05,77901,73371.32606503993,67291.31451739564,80000.68845661716,74879.04226584933
2025-07-06,78705,73026.59231251347,66971.81801547723,79628.76539420833,76374.67436475605
2025-07-07,93374,87066.72335103332,79844.18411869017,94942.59849679991,91462.75555371743
2025-07-08,95675,89623.93446513236,82185.69207004253,97735.37737158324,94316.6482923954
2025-07-09,92685,89484.9494993891,82050.04358709109,97593.56408395675,93460.8925711076
2025-07-10,90717,88322.38492354772,80977.68134144417,96333.25564967588,90047.14314743853
2025-07-11,87206,84906.94562499136,77841.18805702614,92614.07225804181,86593.20724184098
2025-07-12,77144,73217.43685579662,67120.6637192933,79867.99835818146,74950.88193305579
2025-07-13,71975,69490.27569765467,63700.62758843479,75806.13565905855,72518.33501761884
2025-07-14,80116,78557.74521151934,72009.24866372945,85701.75980500737,80450.25100330956
2025-07-15,78825,78388.49569333585,71850.91348123392,85520.92046357942,79570.76123429424
2025-07-16,82918,78096.2131647876,71575.76060514885,85210.66991275823,78041.2125506455
2025-07-17,82505,78975.06978748231,72375.43928206981,86176.49453746197,81973.18668413011
2025-07-18,81588,78039.87489808317,71513.6505899245,85161.67226633678,80712.58387260731
2025-07-19,70401,67614.88168062207,61956.90096384705,73789.55618442298,70102.44662191853
2025-07-20,73579,69270.38372503579,63470.5831474449,75600.15716677513,71388.0502623252
2025-07-21,86584,82371.06159390495,75470.75776586938,89902.2613388321,85689.0854278962
2025-07-22,88890,84292.81148738773,77228.0108597666,92003.8984475504,87173.51310604741
2025-07-23,89515,84291.28790944685,77218.69519830664,92011.67151538545,88051.33227618955
2025-07-24,91379,86328.99125839691,79078.98792729147,94243.67871962006,89664.16944488946
2025-07-25,90528,87088.19793843012,79769.05215486948,95078.90610807764,91083.19768578745
2025-07-26,82821,78063.04803736674,71498.21007605104,85230.6576962185,80423.49589410839
2025-07-27,82696,77351.35549509448,70842.62406828074,84458.08262496916,81268.00858351846
2025-07-28,90985,89645.92268590859,82098.63996774757,97887.02294416809,93924.43212595988
2025-07-29,90991,90888.42602157459,83232.67127508376,99248.35834449701,92104.18761380229
2025-07-30,87806,90487.32240335616,82856.74682044439,98820.62511424348,90832.9393676759
2025-07-31,86203,91274.18513554228,83570.35400998482,99688.18453445681,89187.94942239612
2025-08-01,85678,88951.75240777148,81438.35260198457,97158.32901340713,85697.00359868976
2025-08-02,80532,77991.77687876722,71399.85841976681,85192.28742648922,76460.52246302691
2025-08-03,76329,73678.80353008608,67447.78484300789,80485.46149084964,75934.9414709166
2025-08-04,86074,85771.38118838391,78513.76386943321,93699.87462576813,87372.48085274032
2025-08-05,87891,86950.56484999505,79589.39390079136,94992.56568227266,87085.90774669069
2025-08-06,87801,85353.33990152311,78119.17216141915,93257.42235582582,85601.23661344641
2025-08-07,87053,85034.66185015994,77820.982620641,92917.01893845203,85970.186497707
2025-08-08,84820,81268.63819456514,74369.24985225698,88808.09699062323,82926.90426925247
2025-08-09,72350,69093.26123479825,63223.66994794513,75507.77662844665,72022.91249741902
2025-08-10,73104,68116.86242023128,62326.79283970082,74444.82115276104,70787.19365928593
2025-08-11,85071,79791.40744369793,73005.25036394947,87208.36748188348,83467.04091154395
2025-08-12,85223,80541.71579073774,73688.1762193197,88032.68469026388,84450.57476583282
2025-08-13,85279,81951.57215351083,74970.0807499215,89583.2058769541,85541.62588705323
2025-08-14,84685,82783.74969606817,75724.92730074971,90500.57171429493,84871.23867582592
2025-08-15,80573,74867.5791987681,68478.89806818117,81852.286955655,76679.01017237405
2025-08-16,78156,72460.45766066773,66273.08139175024,79225.49871126126,76849.84796112028
2025-08-17,78493,71597.06628523603,65479.747694443206,78285.88351582027,76344.09906820378
2025-08-18,91911,85559.14732884214,78244.82051987096,93557.21750015956,91381.5337781378
2025-08-19,93346,86622.64863406438,79213.48793202268,94724.81836451533,91437.33680243629
2025-08-20,93164,86260.92116329943,78874.19985260867,94339.42320614056,91047.52144278606
2025-08-21,94599,87857.0340572967,80326.70822378709,96093.29952673464,92453.44958717407
2025-08-22,93253,86184.31725289967,78791.68425178617,94270.56434804002,92089.48874193433
2025-08-23,83469,75712.90281923272,69214.1168617923,82821.88537868948,80778.32026474949
2025-08-24,83069,75404.6973373965,68928.4335314311,82489.44723154976,81811.42241037775
2025-08-25,95951,88313.95742540844,80724.6723557139,96616.74490010856,94664.98104424014
2025-08-26,91434,85195.78672995552,77870.53416661471,93210.12311288228,90955.06440005127
2025-08-27,88503,83214.75791930658,76051.54291246299,91052.66862947507,87990.71592589027
2025-08-28,91396,85776.89330568102,78386.27415458289,93864.33408818953,89719.6437399371
2025-08-29,91742,86208.60046744942,78775.01900508639,94343.64965467606,91207.0072144334
2025-08-30,81144,74886.28928142667,68424.62206062436,81958.1629164551,79292.42706189763
2025-08-31,78152,71942.51452683889,65731.03588032207,78740.96805454245,77109.02235235719
2025-09-01,89532,82690.22130324694,75546.70209172717,90509.21496053925,87967.83493793008
2025-09-02,87098,81422.34887307615,74384.53264152101,89126.0408660324,86675.36039267841
2025-09-03,88533,82282.83838207784,75162.35179237468,90077.88248714714,86753.63307987156
2025-09-04,88135,82820.01617449027,75646.33995947677,90673.98479314706,87464.64579986077
2025-09-05,88196,82229.17502482324,75101.09378106431,90033.80490002755,86896.23137302566
2025-09-06,77341,71867.01905179097,65632.91042937088,78693.2713116314,76576.6703263839
2025-09-07,73125,68572.52589502576,62620.49419074487,75090.2938150071,73205.87208960169
2025-09-08,83765,77770.02365420168,71015.74103686417,85166.70375988176,81826.91376972703
2025-09-09,80100,76637.66257264811,69978.0541832056,83931.04657100685,81355.9788448934
2025-09-10,80012,76361.2965219947,69717.92259516481,83637.71307959774,79437.98348504091
2025-09-11,81243,77876.93675001012,71095.3176384054,85305.43893778016,80697.24546117868
2025-09-12,80265,76110.62710925644,69477.57746323294,83376.93642283091,79486.79392489605
2025-09-13,70110,67032.37197166326,61186.44011997383,73436.84128929429,70529.63351767673
2025-09-14,69712,65555.2777080641,59834.56208144795,71822.94456390562,68505.54798945114
2025-09-15,82311,78067.75244089325,71251.12667074986,85536.52771464946,82164.4864242408
2025-09-16,84004,79200.72242363298,72281.30524699927,86782.52849737757,82614.08504790015
2025-09-17,84378,77509.66837401048,70730.00782925857,84939.1775263438,81439.20572276913
2025-09-18,77178,75105.38745323026,68529.7891736508,82311.93022068556,80000.61668484709
2025-09-19,75214,72171.90208025322,65848.0918194039,79103.02798397494,74578.39461105868
2025-09-20,65418,63483.28378349229,57916.88404753319,69584.67096793112,66127.31682902215
2025-09-21,64083,61340.12948356383,55958.22049536881,67239.65579591253,63631.88409876831
2025-09-22,73830,72030.31204094969,65706.7011141369,78962.50709199424,74720.23186692753
2025-09-23,74796,73253.32809414173,66818.70821529036,80307.5997754779,75248.88641113913
2025-09-24,79128,74259.0611907468,67728.36756843547,81419.47557438316,76318.06497027673
2025-09-25,77812,74712.69804132727,68135.82780369095,81924.40641797219,77935.10328939072
2025-09-26,74644,71885.283665799,65552.21287945806,78830.19932850677,75031.0537063781
2025-09-27,66185,63548.4018403588,57945.843943968,69692.64923242356,65961.65414113377
2025-09-28,64199,61963.885154114425,56497.502083794614,67959.16495029586,64735.95388657345
2025-09-29,73653,71016.06995098712,64747.34398757564,77891.7231300059,73079.26651731125
2025-09-30,73444,71302.20198363607,65004.61292694356,78209.8958642977,73703.83839735047
2025-10-01,73111,70696.50796725831,64444.980177939135,77554.46933127519,73240.31133530321
2025-10-02,70696,72232.00543896983,65838.54968135466,79246.31746882087,74043.12714219638
2025-10-03,63924,64331.45818151025,58632.67934214375,70584.12745577403,64155.07788616535
2025-10-04,60603,62914.22479568791,57337.00714953007,69033.94297019551,63438.7971564097
2025-10-05,56927,56416.34105773859,51411.89119655154,61907.92566208044,55648.1045015033
2025-10-06,53033,64551.97578153358,58822.36429204735,70839.68193816823,65376.92174852902
2025-10-07,56492,65202.66557682677,59411.943989322346,71557.79314488648,57093.111736435225
2025-10-08,59071,65479.356417885516,59657.104939417455,71869.83212233552,59757.651469646895
2025-10-09,61180,65576.89640868778,59740.32371505688,71983.69669215432,60616.67867875716
2025-10-10,66232,69683.33546778775,63476.20003492502,76497.44690521125,67126.01776721647
2025-10-11,64027,62407.26457930522,56844.24400711518,68514.70611138587,60461.1590305043
2025-10-12,62650,60199.29512214885,54829.56423141693,66094.91036456342,62286.60912542637
2025-10-13,73176,69691.88084122985,63471.59380719104,76521.76294709506,69708.7790544006
2025-10-14,72660,70005.40637321265,63753.471670264065,76870.43219898026,72790.19991513396
2025-10-15,73212,70040.46453765394,63777.88323119988,76917.99138060022,72339.58052974174
2025-10-16,72937,70875.68740256602,64532.249024960016,77842.67774153201,73101.71098021796
2025-10-17,71620,69160.67759762362,62965.62949321926,75965.24269288119,71243.21292267619
2025-10-18,61543,60007.613612798144,54628.53557016572,65916.35038207842,62608.243694412595
2025-10-19,60162,58391.67445442146,53153.971569355424,64145.491765225815,60295.7539658904
2025-10-20,69493,69392.76997812059,63164.40390523382,76235.28803439482,71039.10696795437
2025-10-21,70431,71036.93867367307,64657.21883200213,78046.14468863524,71512.88009314291
2025-10-22,69634,69875.69821096747,63592.69603043535,76779.4653356636,70109.4916665224
2025-10-23,69621,70065.37375462549,63759.139790796595,76995.33926403412,69836.22562248852
2025-10-24,68362,68630.55673725123,62448.331430770224,75424.8065584699,69142.25409585999
2025-10-25,60537,60247.015135753485,54815.99227837905,66216.12930647183,60657.105218331046
2025-10-26,60017,59925.15453793789,54519.52258045352,65866.75701527878,60915.98761519018
2025-10-27,70932,70322.31678338285,63974.80895842234,77299.61711955069,70148.14306734195
2025-10-28,71448,71475.16018146333,65019.72589093996,78571.5173812768,72177.71924820002
2025-10-29,70693,70927.75504042846,64514.00125243685,77979.14154154251,71403.79609575568
2025-10-30,71052,71904.77801799698,65396.26442667187,79061.04648553467,71637.68564940276
2025-10-31,68971,70217.90245157323,63856.75922721811,77212.71615357941,70298.23487482205
2025-11-01,60385,61233.63660227543,55682.28376748745,67338.44228079003,61079.52846073424
2025-11-02,60384,61107.37879364358,55563.72175196587,67204.13293585263,61153.70755532389
2025-11-03,71072,72379.30505037184,65808.89318378169,79605.71202656013,71771.22952100105
2025-11-04,70465,72247.11194675695,65684.72770609347,79465.12632285773,71570.23958122861
2025-11-05,69436,71417.41209625026,64922.50459648591,78562.07615874553,70570.31777373147
2025-11-06,70055,72060.71663678341,65500.8086112936,79277.59965563942,70455.07127597042
2025-11-07,67814,70324.83150208685,63917.55255244269,77374.39448638441,69452.50933812416
2025-11-08,59993,62046.80555649933,56389.51599020594,68271.66383968772,60974.67600292442
2025-11-09,59258,60070.526505862326,54589.688359339234,66101.64415921546,59235.56991551092
2025-11-10,70285,70676.08131389123,64223.46054306975,77777.00590484268,69795.13289790109
2025-11-11,70873,72027.61479136736,65447.57748072672,79269.20280680181,71881.08299588079
2025-11-12,70050,71886.33429328566,65311.19126521516,79123.42368923094,71339.6327149994
2025-11-13,69937,72363.72858435939,65738.3250165126,79656.87007260208,70826.31828317621
2025-11-14,68713,71260.37836061386,64730.46072534402,78449.02488249446,69944.50368504168
2025-11-15,60524,62497.59945624134,56766.34773341896,68807.49059522995,61312.13867005924
2025-11-16,60424,61234.39302471264,55615.11282403579,67421.43814341862,60516.79143192289
2025-11-17,74529,73639.98620683394,66877.91560608167,81085.77427089482,72843.04419038353
2025-11-18,76163,75779.26606003437,68816.45452435585,83446.57108955046,76512.2601394462
2025-11-19,75238,75545.8183135487,68595.95986925358,83199.80762047485,75998.29864138702
2025-11-20,73692,75307.80490987723,68372.90522665624,82946.09482431498,74726.96847651608
2025-11-21,72132,73574.80663443415,66793.71146183411,81044.33864836967,72830.08818530836
2025-11-22,62085,64183.85515630949,58263.80316965803,70705.4301060707,63683.70177193965
2025-11-23,61211,63261.715828571534,57422.66428368193,69694.51416959449,62437.139832939414
2025-11-24,71960,73361.20788439836,66585.55622379226,80826.34023765761,71742.35398343204
2025-11-25,75196,75433.615168225,68462.21040071077,83114.90768473332,74550.91812403139
2025-11-26,73232,74407.75961724922,67522.71871716763,81994.84257215915,74455.3526213115
2025-11-27,75945,76144.17912607851,69091.37684281837,83916.9268253914,74845.23517085235
2025-11-28,73549,74555.84052690552,67644.22704928952,82173.65471000307,74843.91984731283
2025-11-29,62479,64696.45287745484,58694.26449544596,71312.43658823757,64297.90349605338
2025-11-30,60401,62347.337081185986,56559.03605742798,68728.01787442272,61262.88293416144
2025-12-01,74406,74054.61626995444,67174.89174629832,81638.92859853254,72304.49596919375
2025-12-02,78345,76872.96328945782,69726.91760234328,84751.37992768138,77409.47719400522
2025-12-03,82657,80200.99840321185,72736.4009663761,88431.65264453224,81390.852343672
2025-12-04,82146,80723.09079127452,73202.30792454431,89016.55660383216,82277.16440282289
2025-12-05,80983,79010.29490211207,71642.7312283443,87135.52084749278,80310.66683150386
2025-12-06,66892,68133.83971119918,61775.60210520354,75146.49725122393,69467.69886465871
2025-12-07,63867,65519.56911814489,59400.97947289091,72268.403240497,65120.083017165336
2025-12-08,78886,77345.18063353468,70117.45501065032,85317.94210621942,76121.90325077742
2025-12-09,79694,79351.48296683303,71931.56489780897,87536.78385811661,80840.20680767072
2025-12-10,78779,77976.18278849828,70675.86251329965,86030.57488150382,78645.87950267525
2025-12-11,78517,78005.65083647217,70695.1603450161,86072.10921830215,78273.09123312932
2025-12-12,78812,76781.61653246087,69579.5895456408,84729.10915162506,77708.17897383204
2025-12-13,67247,67962.46832656635,61582.73492592144,75003.1174580937,69210.42501198643
2025-12-14,66818,67435.629339678,61100.84993382361,74427.18242649261,67317.71501601407
2025-12-15,81217,79216.047787783,71769.65942498652,87435.02863734675,79044.88899615433
2025-12-16,82243,79016.76823892554,71584.35610378286,87220.86783698999,80501.34120021341
2025-12-17,77799,77490.70805008331,70192.81727952257,85547.35465583082,80073.96238034792
2025-12-18,79780,78958.9860758712,71515.23964246735,87177.52346630496,78900.97370954516
2025-12-19,81098,76788.69956743077,69543.23268035323,84789.04638154637,78054.85682148767
2025-12-20,64243,66462.95064523541,60186.89592166568,73393.44787310885,69086.94820801078
2025-12-21,66522,66606.47722843695,60312.36500435366,73557.43400979295,65467.83061312248
2025-12-22,81177,78667.5250983303,71228.66835300552,86883.26832710327,78952.96540215971
2025-12-23,82812,79560.30635208462,72032.17053640359,87875.21325125948,81810.78151107526
2025-12-24,82180,78912.62982380911,71436.51514169449,87171.14956346704,81167.43088998344
2025-12-25,72089,73946.29286921273,66933.51950933189,81693.8100548713,75955.1398026493
2025-12-26,82377,83012.80227091425,75133.28772155219,91718.6715748254,82601.42692337313
2025-12-27,69190,71599.15239545128,64797.68873388238,79114.52898884754,70706.9802948284
2025-12-28,65599,68481.7470988608,61971.725989807,75675.63450602765,67568.67986586786
2025-12-29,79283,78842.31424583323,71342.30474255102,87130.77798748511,76868.26491617033
2025-12-30,79693,80453.00879572048,72794.79916104903,88916.88278395135,81215.39116396975
2025-12-31,79488,82853.65833429652,74957.12959329694,91582.06479654502,82679.66508965044
